n,activiteitnaam,type,bewindspersoon,subtitel,datum
1,Stuurgroep Schone Lucht Akkoord,"
  Bestuurlijk overleg ", Vivianne Heijnen,NA,24-03-2022
2,Gesprek met Oostenrijke staatssecretaris jeugd,"
  Gesprek ", Maarten van Ooijen,"Staatsecretaris Van Ooijen spreekt met Claudia Plakolm, staatssecretaris jeugd van Oostenrijk.
",24-03-2022
3,Kennismaking konijnenhouderij,"
  Gesprek ", Henk Staghouwer,NA,24-03-2022
4,Kennismaking met Belgische minister Mobiliteit,"
  Gesprek ", Vivianne Heijnen,NA,24-03-2022
5,Commissiedebat Belastingdienst,"
  Kamervergadering ", Marnix van Rij,NA,24-03-2022
6,Bestuurlijke Startbijeenkomst Regie op de Woningbouw met IPO en VNG,"
  Bestuurlijk overleg ", Hugo de Jonge,"Minister De Jonge neemt deel aan de Bestuurlijke Startbijeenkomst Regie op de Woningbouw met IPO en VNG uitvoering programma ...
",24-03-2022
7,Afsluiten programma Niet Actief Beveiligde Overweg (NABO),"
  Evenement ", Vivianne Heijnen,"Staatssecretaris Heijnen is aanwezig bij de opening van de R. J. Cammocktunnel. De tunnel, die een niet actief beveiligde overweg ...
",24-03-2022
8,Periodiek overleg minister IenW,"
  Gesprek ", Christophe van der Maat,"Staatssecretaris Van der Maat (Defensie) heeft een periodiek overleg met minister Harbers (IenW).
",24-03-2022
9,Bestuurlijk overleg Hybride en NIP met Aedes en VNG,"
  Bestuurlijk overleg ", Hugo de Jonge,"Minister De Jonge heeft een bestuurlijk overleg met Aedes en VNG over Hybride en Nationaal Isolatieprogramma.
",24-03-2022
10,Plenaire behandeling wetsvoorstel Wet wettelijke taken internationalisering onderwijs,"
  Kamervergadering ", Robbert Dijkgraaf,NA,24-03-2022
11,Diverse gesprekken,"
  Gesprek ", Hugo de Jonge,"Minister De Jonge heeft diverse gesprekken: een kennismakingsgesprek met Cody Hochstenbach, Stadsgeograaf aan de Universiteit van ...
",24-03-2022
12,Themadag Granen,"
  Werkbezoek ", Henk Staghouwer,NA,24-03-2022
13,Opening vernieuwd station Geldermalsen,"
  Evenement ", Vivianne Heijnen,NA,24-03-2022
14,Werkbezoek aan Defensie CBRN Centrum,"
  Werkbezoek ", Christophe van der Maat,"Staatssecretaris Van der Maat (Defensie) brengt een werkbezoek aan het Defensie CBRN Centrum.
",24-03-2022
15,Commissiedebat Humanitaire situatie Oekraïne,"
  Kamervergadering ", Liesje Schreinemacher,"Minister Schreinemacher neemt in de Tweede Kamer deel aan het commissiedebat over de humanitaire situatie in Oekraïne.
",24-03-2022
16,Extra NAVO top,"
  Internationale bijeenkomst "," Mark Rutte, Wopke Hoekstra, Kajsa Ollongren","Minister-president Rutte, mister Hoekstra en minister Ollongren zijn aanwezig bij de extra NAVO top vanwege de oorlog in Oekraïne.
",24-03-2022
17,Landbouw en de ritmiek en taakstelling van de horizontale en provinciale arrangementen met mede-overheden,"
  Gesprek ", Henk Staghouwer,NA,24-03-2022
18,Debat over het rapport van de Tijdelijke Uitvoeringsorganisaties 'Klem tussen balie en beleid',"
  Kamervergadering ", Alexandra van Huffelen,NA,24-03-2022
19,Kennismaking met DNB,"
  Gesprek ", Marnix van Rij,"Staatssecretaris Van Rij maakt kennis met de president van De Nederlandsche Bank, Klaas Knot.
",24-03-2022
20,"Bestuurlijk overleg langetermijnstrategie corona, met sociale partners","
  Bestuurlijk overleg "," Micky Adriaansens, Ernst Kuipers","Minister Kuipers en minister Adriaansens spreken de minister van SZW en sociale partners over de langetermijnstrategie.
",24-03-2022
21,Overleg met de G4 gemeenten,"
  Bestuurlijk overleg ", Dennis Wiersma,"Overleg met de wethouders en directeuren Onderwijs van de G4 gemeenten over de onderwerpen kansengelijkheid, voorscholen, ...
",24-03-2022
22,Bewindspersonenoverleg hoger onderwijs en wetenschap,"
  Gesprek ", Robbert Dijkgraaf,"Minister Dijkgraaf spreekt met minister Harbers en minister Kuipers over een concept van de hoofdlijnenbrief hoger onderwijs en ...
",24-03-2022
23,Commissiedebat Verloop SDE++,"
  Kamervergadering ", Rob Jetten,NA,24-03-2022
24,Overleg met voorzitter Uitvoeringsoverleg Elektriciteit,"
  Gesprek ", Rob Jetten,NA,24-03-2022
25,Regulier gesprek met president van De Nederlandsche Bank,"
  Gesprek ", Sigrid Kaag,NA,24-03-2022
26,Commissiedebat leefstijlpreventie,"
  Kamervergadering ", Maarten van Ooijen,NA,24-03-2022
27,Gesprek met Poolse minister van infrastructuur,"
  Gesprek ", Mark Harbers,"Minister Harbers spreekt met Poolse minister Adamczyk over de situatie Oekraïne.
",24-03-2022
28,Gesprek met cliënten die gebruik maken van het PGB2.0-portaal,"
  Gesprek ", Conny Helder,NA,24-03-2022
29,Werkbezoek Boerderij van de toekomst,"
  Werkbezoek ", Henk Staghouwer,NA,24-03-2022
30,Bouwberaad,"
  Bestuurlijk overleg ", Hugo de Jonge,"Minister De Jonge neemt deel aan het Bouwberaad over de Nationale Woon- en Bouwagenda en Human Capital.
",24-03-2022
31,Werkbezoek Slimme Zorg Estafette,"
  Werkbezoek ", Ernst Kuipers,"Minister Kuipers bezoekt het Antonius Ziekenhuis in het kader van de Slimme Zorg Estafette.
",24-03-2022
32,Kennismaking met toerismesector,"
  Gesprek ", Micky Adriaansens,NA,24-03-2022
33,Werkbezoek aan Logius,"
  Werkbezoek ", Alexandra van Huffelen,"Staatssecretaris Van Huffelen brengt een werkbezoek aan Logius in het kader van dienstverlening aan publieke organisaties zodat ...
",24-03-2022
34,Kennismaking met co-founder ONL voor ondernemers,"
  Gesprek ", Micky Adriaansens,NA,24-03-2022
35,Kennismaking met lid EP Azmani,"
  Gesprek ", Christophe van der Maat,"Staatssecretaris Van der Maat (Defensie) heeft een kennismaking met de heer Azmani, lid van het Europees Parlement (EP).
",24-03-2022
36,Lustrumsymposium Wetenschappelijke Raad voor het Regeringsbeleid,"
  Evenement ", Robbert Dijkgraaf,"Minister Dijkgraaf woont het lustrumsymposium van de WRR bij.
",24-03-2022
37,Kennismaking met Royal IHC,"
  Gesprek ", Marnix van Rij,NA,24-03-2022
38,Europese Raad,"
  Internationale bijeenkomst ", Mark Rutte,NA,24-03-2022
40,Kennismaken met voorzitter Sociaal-Economische Raad (SER),"
  Gesprek ", Micky Adriaansens,NA,24-03-2022
41,Tweeminutendebat EU-Gezondheidsraad,"
  Kamervergadering ", Ernst Kuipers,NA,24-03-2022
42,Kennismakingsgesprek journalisten Nieuwsuur,"
  Gesprek ", Mark Harbers,NA,24-03-2022
43,Inontvangstname Cluster Energie Strategie van het 6e industriecluster,"
  Gesprek ", Rob Jetten,"In aanwezigheid van de CEO Sappi Maastricht, directeur Koninklijke VNP, CEO Royal Cosun en directeur Federatie Nederlandse ...
",24-03-2022
44,Handelsmissie Oman en de Verenigde Arabische Emiraten,"
  Handelsmissie ", Liesje Schreinemacher,"Minister Schreinemacher brengt een bezoek aan Oman en de Verenigde Arabische Emiraten in het kader van de Dubai Expo 2020 en de ...
",23-03-2022
45,Kennismaking president Algemene Rekenkamer,"
  Gesprek ", Christophe van der Maat,"Staatssecretaris Van der Maat (Defensie) heeft een kennismaking met de president van de Algemene Rekenkamer.
",23-03-2022
46,Kennismaking voorzitter Tweede Kamer,"
  Gesprek "," Robbert Dijkgraaf, Dennis Wiersma, Gunay Uslu","Minister Dijkgraaf maakt kennis met de voorzitter van de Tweede Kamer samen met minister Wiersma en staatssecretaris Uslu.
",23-03-2022
47,Bestuurlijk overleg Vleeskalverketen,"
  Bestuurlijk overleg ", Henk Staghouwer,NA,23-03-2022
48,Commissiedebat Regeldruk,"
  Kamervergadering ", Micky Adriaansens,NA,23-03-2022
49,Werkbezoek aan een huisvestingsproject rondom Oekraïne,"
  Werkbezoek ", Hugo de Jonge,"Minister De Jonge brengt een werkbezoek aan een huisvestingsproject rondom Oekraïne.
",23-03-2022
50,Gesprek met minister-president van Sint Maarten,"
  Gesprek ", Wopke Hoekstra,"Minister Hoekstra spreekt met Silveria Jacobs, minister-president van Sint Maarten.
",23-03-2022
51,Kennismaking met Nationaal Rapporteur Mensenhandel,"
  Ontvangst ", Maarten van Ooijen,"Minister Weerwind en staatssecretaris Van Ooijen spreken met de Nationaal Rapporteur mensenhandel.
",23-03-2022
52,"Kennismaking met minister van Financiën Zweden, Mikael Damberg","
  Gesprek ", Sigrid Kaag,"Minister Kaag maakt kennis met de Zweedse minister van Financiën en spreekt over de economische gevolgen van de situatie in ...
",23-03-2022
53,Inontvangstname boek VerpleegThuis,"
  Gesprek ", Mark Rutte,NA,23-03-2022
54,Kennismaking met Onderwijsraad en inontvangstname advies ‘Extern Toezicht’,"
  Gesprek ", Dennis Wiersma,"Minister Wiersma heeft een kennismakingsgesprek en neemt het advies ‘Extern Toezicht’ in ontvangst. Voorafgaand heeft de minister ...
",23-03-2022
55,Ontvangst minister-president van Curaçao,"
  Gesprek ", Mark Rutte,NA,23-03-2022
56,Verzamel commissiedebat BES,"
  Kamervergadering ", Alexandra van Huffelen,NA,23-03-2022
57,Gesprek met Tweede Kamerleden Bontenbal en Pieter Grinwis,"
  Gesprek ", Hugo de Jonge,"Minister De Jonge heeft een gesprek met Tweede Kamerleden Bontenbal en Pieter Grinwis over het Nationaal Isolatieprogramma.
",23-03-2022
58,Onderraden en ministeriële overleggen,"
  Ministerraad, onderraad, ministerieel overleg "," Mark Rutte, Wopke Hoekstra, Robbert Dijkgraaf, Henk Staghouwer, Ernst Kuipers, Rob Jetten, Alexandra van Huffelen, Christophe van der Maat",NA,23-03-2022
59,Gesprek met Eerste Minister België,"
  Gesprek ", Mark Rutte,"Minister-president Rutte heeft een gesprek met Eerste Minister De Croo van België. 
",23-03-2022
60,Tweeminutendebat Hoofdlijnen,"
  Kamervergadering ", Micky Adriaansens,NA,23-03-2022
61,Kennismaking met NZA,"
  Gesprek ", Maarten van Ooijen,"Staatssecretaris Van Ooijen maakt kennis met de voorzitter van de Nederlandse Zorgautoriteit.
",23-03-2022
62,Kennismaking Onderwijsraad,"
  Gesprek "," Robbert Dijkgraaf, Dennis Wiersma, Gunay Uslu","Minister Dijkgraaf maakt kennis met de voorzitter en secretaris van de Onderwijsraad samen met minister Wiersma en ...
",23-03-2022
63,"Gesprek met burgemeester Amsterdam, Femke Halsema","
  Gesprek ", Hanke Bruins Slot,"Minister Bruins Slot heeft een kennismakingsgesprek met de burgemeester van Amsterdam, Femke Halsema.
",23-03-2022
64,Overleg met Rabobank over Waardecreatie in de keten,"
  Gesprek ", Henk Staghouwer,NA,23-03-2022
65,Deelname Samen Slimmer Café van Universiteiten van Nederland,"
  Evenement ", Robbert Dijkgraaf,"Minister Dijkgraaf neemt deel aan het Samen Slimmer Café van Universiteiten van Nederland.
",23-03-2022
66,Ontvangst voorzitter van de Duitse Bondsraad,"
  Ontvangst ", Wopke Hoekstra,"Minister Hoekstra ontvangt de voorzitter van de Duitse Bondsraad, Bodo Ramelow. Op de agenda staan onder andere de nauwe banden ...
",23-03-2022
67,Overleg met KNVB,"
  Gesprek ", Conny Helder,"Minister Helder spreekt met de bondsvoorzitter, directeur betaald voetbal en directeur amateurvoetbal van de KNVB.
",23-03-2022
68,Bestuurlijk Omgevingsberaad,"
  Bestuurlijk overleg ", Vivianne Heijnen,NA,23-03-2022
69,Kennismaking met Wetenschappelijke curriculumcommissie,"
  Gesprek ", Dennis Wiersma,NA,23-03-2022
70,Gesprek met directeur Stichting Urgenda,"
  Gesprek ", Rob Jetten,NA,23-03-2022
71,Kennismaking met president Algemene Rekenkamer,"
  Gesprek ", Wopke Hoekstra,"Minister Hoekstra spreekt met Arno Visser, president van de Algemene Rekenkamer.
",23-03-2022
72,Bestuurlijk overleg Financiële Verhoudingen,"
  Bestuurlijk overleg ", Hanke Bruins Slot,"Minister Bruins Slot heeft een bestuurlijk overleg met de staatssecretaris van Financiën over Financiële Verhoudingen.
",23-03-2022
73,"Gesprek met Arno Visser, president Algemene Rekenkamer","
  Gesprek ", Alexandra van Huffelen,"Staatssecretaris Van Huffelen heeft een kennismakingsgesprek met Arno Visser,  president Algemene Rekenkamer.
",23-03-2022
74,Bestuurlijk Aansturingsteam,"
  Bestuurlijk overleg ", Hanke Bruins Slot,"Minister Bruins Slot heeft een overleg met het Bestuurlijk Aansturingsteam over de grenslandconferentie.
",23-03-2022
75,Debat over Europese Raad van 24 en 25 maart,"
  Kamervergadering ", Mark Rutte,NA,23-03-2022
76,Gesprek met Longfonds,"
  Gesprek ", Vivianne Heijnen,NA,23-03-2022
77,Bestuurlijk overleg gesloten coffeeshops experiment,"
  Bestuurlijk overleg ", Ernst Kuipers,"Minister Kuipers spreekt met de minister van Justitie en Veiligheid en een aantal burgemeesters over het experiment.
",23-03-2022
78,Gesprek met minister-president van Spanje,"
  Gesprek ", Mark Rutte,NA,23-03-2022
79,Aanbieding brancheplan Verpakkingen,"
  Evenement ", Vivianne Heijnen,NA,23-03-2022
80,Kennismaking met Mariëtte Hamer,"
  Gesprek ", Maarten van Ooijen,NA,23-03-2022
81,Rijksherenoverleg,"
  Bestuurlijk overleg ", Hanke Bruins Slot,"Minister Bruins Slot neemt deel aan het Rijksherenoverleg Oekraïne.
",22-03-2022
82,Raad Algemene Zaken (RAZ),"
  Internationale bijeenkomst ", Wopke Hoekstra,NA,22-03-2022
83,Kennismaking met bestuur ANVS (Autoriteit Nucleaire Veiligheid en Stralingsbescherming),"
  Gesprek ", Vivianne Heijnen,NA,22-03-2022
84,Bewindsliedenoverleg prioritering ontwikkelruimte,"
  Gesprek ", Henk Staghouwer,NA,22-03-2022
85,Kennismaking met ambassadeur Europees Jaar van het Spoor,"
  Gesprek ", Vivianne Heijnen,NA,22-03-2022
86,Bewindsliedenoverleg over prioritering ontwikkelruimte,"
  Gesprek ", Vivianne Heijnen,NA,22-03-2022
87,Kennismaking met de Nederlandse GGZ,"
  Gesprek ", Maarten van Ooijen,"Staatssecretaris Van Ooijen maakt kennis met de voorzitter van de Nederlandse GGZ.
",22-03-2022
88,"Commissiedebat Digitale overheid, datagebruik en algoritmen, digitale identiteit","
  Kamervergadering ", Alexandra van Huffelen,NA,22-03-2022
89,Gesprek met minister voor Klimaat en Energie en gedeputeerde Bonaire,"
  Gesprek ", Alexandra van Huffelen,"Staatssecretaris Van Huffelen heeft een gesprek met minister Jetten en Nina den Heyer, gedeputeerde Bonaire over de ...
",22-03-2022
90,Ministeriële Commissie Covid-19,"
  Ministerraad, onderraad, ministerieel overleg "," Sigrid Kaag, Robbert Dijkgraaf, Kajsa Ollongren, Micky Adriaansens, Henk Staghouwer, Ernst Kuipers, Dennis Wiersma, Christianne van der Wal-Zeggelink, Conny Helder, Marnix van Rij",NA,22-03-2022
91,Bezoek aan president Erdogan van Turkije,"
  Gesprek ", Mark Rutte,"Minister-president Rutte reist Ankara voor een bezoek aan president Erdogan van Turkije. De reis staat in het teken van de oorlog ...
",22-03-2022
92,"Kennismaking met Zwitserse minister Milieu, Transport","
  Gesprek ", Vivianne Heijnen,NA,22-03-2022
93,Onderraden en ministeriële overleggen,"
  Ministerraad, onderraad, ministerieel overleg "," Mark Rutte, Sigrid Kaag, Robbert Dijkgraaf, Kajsa Ollongren, Micky Adriaansens, Henk Staghouwer, Dennis Wiersma, Alexandra van Huffelen, Marnix van Rij, Vivianne Heijnen",NA,22-03-2022
94,Kennismaking commissie voor OCW Eerste Kamer,"
  Gesprek "," Robbert Dijkgraaf, Dennis Wiersma, Gunay Uslu","Minister Dijkgraaf maakt kennis met de commissie voor OCW van de Eerste Kamer samen met minister Wiersma en staatssecretaris Uslu.
",22-03-2022
95,Kennismaking met Eerste Kamercommissie OCW,"
  Gesprek ", Dennis Wiersma,NA,22-03-2022
96,Gesprek met gedeputeerde van Bonaire en de directeur Woningstichting Bonaire,"
  Gesprek ", Hugo de Jonge,"Minister De Jonge heeft een gesprek met gedeputeerde Nina den Heyer van Bonaire en de directeur van de Woningstichting Bonaire ...
",22-03-2022
97,Diverse gesprekken,"
  Gesprek ", Alexandra van Huffelen,"Staatssecetaris Van Huffelen heeft een: gesprek met minister Jetten (voor Klimaat en Energie) en Nina den Heyer, gedeputeerde ...
",22-03-2022
98,"Ontvangst Zwitserse minister van Environment, Transport, Energy and Communication","
  Gesprek ", Rob Jetten,NA,22-03-2022
99,In ontvangst nemen Petitie Vissenwelzijn,"
  Gesprek ", Henk Staghouwer,NA,22-03-2022
100,Gesprek met Oekraïense minister van Buitenlandse Zaken,"
  Gesprek ", Wopke Hoekstra,"Minister Hoekstra spreekt minister van Buitenlandse Zaken Kuleba van Oekraïne over de oorlog in Oekraïne.
",22-03-2022
101,Gesprek met Eurocommissaris Johansson,"
  Gesprek ", Eric van der Burg,"Staatssecretaris Van der Burg gaat in gesprek met Eurocommissaris Johansson over de toestroom van vluchtelingen uit Oekraïne. 
",22-03-2022
102,Bezoek Cold Response 22,"
  Internationale bijeenkomst ", Kajsa Ollongren,"Minister Ollongren brengt een bezoek aan de Cold Response 22.
",22-03-2022
103,Plenair debat over ontwikkeling koopkracht en de stijgende energieprijzen,"
  Kamervergadering "," Sigrid Kaag, Marnix van Rij",NA,22-03-2022
104,Vragenuur,"
  Kamervergadering "," Robbert Dijkgraaf, Hans Vijlbrief",NA,22-03-2022
105,Overleg met Rergeringscommissaris en plaatsvervangend Regeringscommissaris van Sint Eustatius,"
  Gesprek ", Alexandra van Huffelen,"Staatssecretaris Van Huffelen heeft een gesprek met Rergeringscommissaris Alida Francis en plaatsvervangend Regeringscommissaris  ...
",22-03-2022
106,Bewindspersonenoverleg investeringen Tennet,"
  Gesprek ", Sigrid Kaag,NA,22-03-2022
107,Bezoek aan Litouwen en Polen,"
  Werkbezoek ", Mark Rutte,"Minister-president Rutte reist naar Litouwen en Polen voor gesprekken met onder anderen de regeringsleiders van beide landen. De ...
",21-03-2022
108,Werkbezoek spoor,"
  Werkbezoek ", Vivianne Heijnen,"Staatssecretaris Heijnen bezoekt NS / Prorail / Arriva en RailGood (goederenvervoer).
",21-03-2022
109,Gesprek met de Nationale ombudsman de Ombudsman Curacao en de Ombudsman Sint Maarten,"
  Gesprek ", Alexandra van Huffelen,"Staatssecetaris Van Huffelen heeft een gesprek met Reinier van Zutphen, Stephan Sjouke (Nationale ombudsman), Keursly Concincion ...
",21-03-2022
110,Werkbezoek Zone college,"
  Werkbezoek ", Robbert Dijkgraaf,"Minister Dijkgraaf brengt een werkbezoek aan het mbo Zone college.
",21-03-2022
111,Raad Landbouw en Visserij,"
  Internationale bijeenkomst ", Henk Staghouwer,NA,21-03-2022
112,Extra Veiligheidsberaad,"
  Gesprek ", Hanke Bruins Slot,"Minister Bruins Slot neemt deel aan het Extra Veiligheidsberaad over opvang.
",21-03-2022
113,Overleg over hoofdlijnen aanpak stikstof,"
  Gesprek ", Christianne van der Wal-Zeggelink,"Minister Van der Wal-Zeggelink overlegt met minister Adriaansens en minister Jetten over de hoofdlijnen van de stikstofaanpak.
",21-03-2022
114,Werkbezoek Groen in de stad,"
  Werkbezoek ", Christianne van der Wal-Zeggelink,NA,21-03-2022
115,Livesessie over eindexamens,"
  Evenement ", Dennis Wiersma,"Minister Wiersma gaat live op Instagram samen met het account @eindexamens. Aanwezigen in de livesessie kunnen vragen stellen ...
",21-03-2022
116,Werkbezoek aan 2e van der Huchtschool,"
  Werkbezoek ", Dennis Wiersma,"Minister Wiersma brengt een bezoek aan deze basisschool in het kader van passend onderwijs.
",21-03-2022
117,Gesprek Waarborgfonds Eigen Woningen NHG,"
  Gesprek ", Hugo de Jonge,"Minister De Jonge heeft een kennismakingsgesprek met het Waarborgfonds Eigen Woningen NHG.
",21-03-2022
118,Raad Buitenlandse Zaken (RBZ),"
  Internationale bijeenkomst "," Wopke Hoekstra, Kajsa Ollongren",NA,21-03-2022
119,Bewindspersonenoverleg over Klimaatfonds,"
  Gesprek ", Rob Jetten,NA,21-03-2022
120,Gesprek over politieke prioritering van stikstofruimte,"
  Gesprek ", Hugo de Jonge,"Minister De Jonge heeft een gesprek met de minister voor Natuur en Stikstof over politieke prioritering van stikstofruimte.
",21-03-2022
121,Belafspraak voorzitter AWTI,"
  Gesprek ", Robbert Dijkgraaf,"Minister Dijkgraaf heeft een belafspraak met de nieuwe voorzitter van de AWTI  (Adviesraad voor wetenschap, technologie en ...
",21-03-2022
122,Gesprek met Inspectie Leefomgeving en Transport ILT,"
  Gesprek ", Hugo de Jonge,"Minister De Jonge heeft een kennismakingsgesprek met de Inspectie Leefomgeving en Transport.
",21-03-2022
123,Diverse gesprekken,"
  Gesprek ", Alexandra van Huffelen,"Staatssecetaris Van Huffelen heeft een: kennismakingsgesprek met de voorzitter van de WRR, mevrouw Prins gesprek met Reinier van ...
",21-03-2022
124,"Gesprek met de Minister-President van Curaçao en de minister van Sociale Ontwikkeling, Arbeid en Welzijn","
  Gesprek ", Alexandra van Huffelen,"Staatssecetaris Van Huffelen heeft een gesprek met Minister-President Pisas van Curaçao en de minister van Sociale Ontwikkeling, ...
",21-03-2022
125,Werkbezoek gemeente Budel,"
  Werkbezoek ", Eric van der Burg,"Staatssecretaris Van der Burg brengt een bezoek aan de gemeente Budel en gaat in gesprek met burgemeester Van Kessel en ...
",21-03-2022
126,"Kennismaking Kwartiermakers Toekomst Accountancysector, Marlies de Vries en Chris Fonteijn","
  Gesprek ", Sigrid Kaag,NA,21-03-2022
127,Gesprek met Minister-President Aruba over  uitvoeringsagenda Q2 2022,"
  Gesprek ", Alexandra van Huffelen,"Staatssecretaris Van Huffelen heeft een gesprek met de Minister-President van Sint Maarten, mw. Jacobs inzake uitvoeringsagenda ...
",21-03-2022
128,Werkbezoek Uitvoeringsorganisatie Herstel Toeslagen,"
  Werkbezoek ", Aukje de Vries,NA,21-03-2022
129,Gesprek met voorzitter van de WRR,"
  Gesprek ", Alexandra van Huffelen,"Staatssecretaris Van Huffelen heeft een kennismakingsgesprek met de voorzitter van de WRR, mw. Prins. 
",21-03-2022
130,Werkbezoek aan Hugo de Grootschool,"
  Werkbezoek ", Dennis Wiersma,"Minister Wiersma brengt een bezoek aan deze basisschool in het kader van een Rijke Schooldag.
",21-03-2022
131,Kennismakingsgesprek met vertegenwoordigers van Samenwerkingsverbanden Passend Onderwijs,"
  Gesprek ", Dennis Wiersma,NA,21-03-2022
132,Dubai Expo en Handelsmissie,"
  Internationale bijeenkomst ", Mark Harbers,NA,21-03-2022
133,"Gesprek met de Minister-Presdent van Curaçao en minister van Sociale Ontwikkeling, Arbeid en Welzijn","
  Gesprek ", Alexandra van Huffelen,"Staatssecretaris Van Huffelen heeft een gesprek met Minister-President Pisas van Curaçao en de minister van Sociale Ontwikkeling, ...
",21-03-2022
134,Wetgevingsoverleg Groeifonds,"
  Kamervergadering "," Sigrid Kaag, Micky Adriaansens",NA,21-03-2022
135,"Gesprek met  Jan van den Bos, voorzitter Inspectieraad","
  Gesprek ", Hanke Bruins Slot,"Minister Bruins Slot heeft een kennismakingsgesprek met Jan van den Bos, voorzitter Inspectieraad.
",21-03-2022
136,Kennismaking Belgische minister van Sociale zaken en Volksgezondheid,"
  Gesprek ", Ernst Kuipers,"Minister Kuipers maakt kennis met minister Vandenbroucke.
",21-03-2022
137,Notaoverleg ‘Naar minder ziekte en betere zorg: ontzorg de zorg voor behoud van solidariteit’,"
  Kamervergadering ", Maarten van Ooijen,"Staatssecretaris Van Ooijen heeft een notaoverleg over het initiatiefnota van het Kamerlid Van der Berg.
",21-03-2022
138,Kennismaking MKB Nederland,"
  Gesprek ", Marnix van Rij,NA,21-03-2022
139,Werkbezoek aan DUO,"
  Werkbezoek ", Robbert Dijkgraaf,"Minister Dijkgraaf brengt een werkbezoek aan DUO.
",21-03-2022
140,Werkbezoek glastuinbouw,"
  Werkbezoek ", Rob Jetten,"Minister Jetten (Klimaat en Energie) brengt een werkbezoek in het kader van glastuinbouw. 
",18-03-2022
141,Onderraden en ministeriële overleggen,"
  Ministerraad, onderraad, ministerieel overleg "," Hugo de Jonge, Micky Adriaansens",NA,18-03-2022
142,Gesprek met Oekraïense ambassadeur over situatie Oekraïne,"
  Gesprek ", Mark Harbers,NA,18-03-2022
143,Diverse kennismakingen staatssecretaris Van der Maat,"
  Gesprek ", Christophe van der Maat,"Staatssecretaris Van der Maat heeft kennismakingsgesprekken met: de Inspecteur-Generaal der Krijgsmacht luitenant-generaal der ...
",18-03-2022
144,Werkbezoek Klimaatmaatregelen glastuinbouw,"
  Werkbezoek ", Henk Staghouwer,NA,18-03-2022
145,Bewindsliedenoverleg Voorjaarsbesluitvorming fiscale klimaatmaatregelen,"
  Bestuurlijk overleg "," Mark Harbers, Rob Jetten, Vivianne Heijnen",NA,18-03-2022
146,Werkbezoek Italië,"
  Werkbezoek ", Wopke Hoekstra,"Minister Hoekstra brengt een werkbezoek aan Rome waar hij met zijn Italiaanse collega Di Maio spreekt. 
",18-03-2022
147,Werkbezoek RIVM,"
  Werkbezoek ", Ernst Kuipers,"Minister Kuipers bezoekt het RIVM voor een brede kennismaking met de werkzaamheden los van corona.
",18-03-2022
148,Ministerraad,"
  Ministerraad, onderraad, ministerieel overleg "," Mark Rutte, Sigrid Kaag, Wopke Hoekstra, Carola Schouten, Dilan Yeşilgöz-Zegerius, Hanke Bruins Slot, Robbert Dijkgraaf, Kajsa Ollongren, Mark Harbers, Micky Adriaansens, Henk Staghouwer, Karien van Gennip, Ernst Kuipers, Liesje Schreinemacher, Franc Weerwind, Hugo de Jonge, Dennis Wiersma, Rob Jetten, Christianne van der Wal-Zeggelink, Conny Helder, Eric van der Burg, Vivianne Heijnen, Maarten van Ooijen",NA,18-03-2022
149,Bewindsliedenoverleg EU/Energie,"
  Bestuurlijk overleg "," Hugo de Jonge, Rob Jetten",NA,18-03-2022
150,Diverse kennismakingen minister Harbers en staatssecretaris Heijnen,"
  Gesprek "," Mark Harbers, Vivianne Heijnen","Minister Harbers en staatssecretaris Heijnen hebben kennismakingsgesprekken met: IPO en portefeuillehouders mobiliteit gemeenten ...
",18-03-2022
151,Kennismaking Autoriteit Persoonsgegevens,"
  Gesprek ", Marnix van Rij,NA,18-03-2022
152,Bewindsliedenoverleg loonruimte,"
  Gesprek ", Hanke Bruins Slot,"Minister Bruins slot heeft een overleg met de Ministers van Justitie en Veiligheid en Financiën over loonruimte kabinetssectoren.
",18-03-2022
153,Werkbezoek aan De Vuurvlinder en Diamantcollege met hare majesteit de koningin,"
  Werkbezoek ", Dennis Wiersma,"Minister Wiersma brengt samen met de Koningin een werkbezoek aan basisschool de Vuurvlinder en middelbare school Diamant College.
",18-03-2022
154,Bewindsliedenoverleg over fiscale  klimaatmaatregelen,"
  Gesprek ", Hugo de Jonge,NA,18-03-2022
155,Werkbezoek aan Amaze,"
  Werkbezoek ", Gunay Uslu,"Staatssecretaris Uslu bezoekt Amaze en gaat met onder andere ID&T en muziekstudenten in gesprek over de dance sector en ...
",18-03-2022
156,Gesprek met ceo en voorzitter Raad van Commissarissen van Energie Beheer Nederland,"
  Gesprek ", Hans Vijlbrief,NA,17-03-2022
157,Bezoek Washington,"
  Werkbezoek ", Robbert Dijkgraaf,"Minister Dijkgraaf reist naar Washington.
",17-03-2022
158,Gesprek met Peter Glas Deltacommissaris,"
  Gesprek ", Hugo de Jonge,NA,17-03-2022
159,Kennismaking Zorgthuis.nl,"
  Gesprek ", Conny Helder,NA,17-03-2022
160,Diverse gesprekken minister De Jonge,"
  Gesprek ", Hugo de Jonge,"Minister De jonge heeft gesprekken met: Paul Scheffer over demografie en fysieke leefomgeving de Rijksbouwmeester en College van ...
",17-03-2022
161,Commissiedebat Raad Buitenlandse Zaken,"
  Kamervergadering ", Wopke Hoekstra,"Minister Hoekstra neemt deel aan het commissiedebat Raad Buitenlandse Zaken. 
",17-03-2022
162,Werkbezoek centraal tellen,"
  Werkbezoek ", Hanke Bruins Slot,NA,17-03-2022
163,Commissiedebat Justitiële Jeugd,"
  Kamervergadering ", Franc Weerwind,"Minister Weerwind gaat in debat met de Tweede Kamer.
",17-03-2022
164,Overhandiging onderzoeksrapport Project Provenance Research Object of the Colonial Era,"
  Evenement ", Gunay Uslu,"Staatssecretaris Uslu neemt het rapport Project Provenance Research Object of the Colonial Era van het Rijksmuseum Amsterdam, het ...
",17-03-2022
165,Overleggen diverse Europese ministers Klimaat,"
  Bestuurlijk overleg ", Rob Jetten,"Minister Jetten (Klimaat en Energie) heeft overleggen met diverse Europese ministers van Klimaat.
",17-03-2022
166,Kennismaking met ceo van Gasunie,"
  Gesprek ", Hans Vijlbrief,NA,17-03-2022
167,Werkbezoek aan gezinshuis,"
  Werkbezoek ", Maarten van Ooijen,"Staatssecretaris Van Ooijen brengt een bezoek aan een gezinshuis in Rotterdam om te kijken en spreken met de mensen in het huis.
",17-03-2022
168,Gesprek met MBO studenten over de gemeenteraadsverkiezingen,"
  Gesprek ", Hanke Bruins Slot,"Minister Bruins Slot heeft een gesprek met MBO studenten over de gemeenteraadsverkiezingen.
",17-03-2022
169,Bewindsliedenoverleg Wet Markt en Overheid,"
  Gesprek ", Hans Vijlbrief,NA,17-03-2022
170,Commissiedebat Mijnbouw Groningen,"
  Kamervergadering ", Hans Vijlbrief,NA,17-03-2022
171,Diverse kennismakingen minister Harbers,"
  Gesprek ", Mark Harbers,"Minister Harbers heeft kennismakingsgesprekken met: de bestuurlijke partners verkeersveiligheid (Den Haag) de heer Van Geel, ...
",17-03-2022
172,Commissiedebat Armoede- en Schuldenbeleid,"
  Kamervergadering ", Carola Schouten,NA,17-03-2022
173,Kennismakingsgesprek met de Raad van State,"
  Gesprek ", Dennis Wiersma,NA,17-03-2022
174,Tweeminutendebat Zoönose en dierziekte,"
  Kamervergadering "," Henk Staghouwer, Ernst Kuipers",NA,17-03-2022
175,Bewindsliedenoverleg over de wet Markt & Overheid,"
  Gesprek ", Hugo de Jonge,NA,17-03-2022
176,Commissiedebat hoofdlijnen Defensie,"
  Kamervergadering "," Kajsa Ollongren, Christophe van der Maat","Staatssecretaris Van der Maat neemt samen met minister Ollongren deel aan het commissiedebat hoofdlijnen Defensie.
",17-03-2022
177,Pensioenakkoord,"
  Bestuurlijk overleg ", Carola Schouten,"Minister Schouten neemt deel aan een overleg met vertegenwoordigers van werkgevers- en werknemersorganisaties.
",17-03-2022
178,Bewindsliedenoverleg over hervorming van de huurtoeslag,"
  Gesprek ", Hugo de Jonge,NA,17-03-2022
179,Gesprek met president Algemene Rekenkamer,"
  Gesprek ", Sigrid Kaag,NA,17-03-2022
180,Milieuraad,"
  Internationale bijeenkomst "," Rob Jetten, Christianne van der Wal-Zeggelink, Vivianne Heijnen",NA,17-03-2022
181,Gesprek met Europe for Change,"
  Gesprek ", Gunay Uslu,"Staatssecretaris Uslu heeft een gesprek met de executive producer Europe for Change over Europe for Change.
",17-03-2022
182,Commissiedebat Algemene Zaken en Brexit,"
  Kamervergadering ", Wopke Hoekstra,"Minister Hoekstra neemt deel aan het commissiedebat Algemene Zaken en Brexit.
",17-03-2022
183,Gesprek met Limburgse gedeputeerde Satijn (Economie) over Maastricht Aachen Airport,"
  Gesprek ", Mark Harbers,NA,17-03-2022
184,Commissiedebat belastingen,"
  Kamervergadering ", Marnix van Rij,NA,17-03-2022
185,Tweeminutendebat Hoofdlijnendebat VWS,"
  Kamervergadering "," Ernst Kuipers, Conny Helder, Maarten van Ooijen",NA,17-03-2022
186,Kennismaking CEO ASML,"
  Gesprek ", Liesje Schreinemacher,"Minister Schreinemacher (Buitenlandse Handel en Ontwikkelingssamenwerking) heeft een kennismakingsgesprek met de CEO van ASML, ...
",16-03-2022
187,Rondetafelgesprek over grensoverschrijdend gedrag,"
  Gesprek ", Gunay Uslu,"Staatssecretaris Uslu organiseert een rondetafelgesprek over grensoverschrijdend gedrag met omroepen, vakbond, gedragsdeskundigen ...
",16-03-2022
188,Gesprek Energie-Nederland,"
  Gesprek ", Rob Jetten,"Minister Jetten (Klimaat en Energie) heeft een gesprek met de directeur, vicevoorzitter en een bestuurslid van Energie-Nederland.
",16-03-2022
189,Onderraden en ministeriële overleggen,"
  Ministerraad, onderraad, ministerieel overleg "," Hugo de Jonge, Dennis Wiersma, Hanke Bruins Slot, Ernst Kuipers",NA,16-03-2022
190,NAVO DMM,"
  Internationale bijeenkomst ", Kajsa Ollongren,"Minister Ollongren is aanwezig bij de NAVO DMM.
",16-03-2022
191,Meelopen gesloten jeugdhulp 't Anker,"
  Werkbezoek ", Maarten van Ooijen,"Staatssecretaris Van Ooijen loopt een dag mee met de gesloten jeugdinstelling 't Anker.
",16-03-2022
192,Kennismaking FNV,"
  Gesprek ", Rob Jetten,"Minister Jetten (Klimaat en Energie) heeft een kennismakingsgesprek met een lid van het dagelijks bestuur van vakbond FNV.
",16-03-2022
193,Uitvoeringsoverleg met leden klimaatakkoord,"
  Gesprek ", Micky Adriaansens,NA,16-03-2022
194,Algemene vergadering aandeelhouders DNB,"
  Gesprek ", Sigrid Kaag,NA,16-03-2022
195,Kennismaking met verschillende partijen Varkensketen (Coviva),"
  Gesprek ", Henk Staghouwer,NA,16-03-2022
196,Kennismaking met Groene 11,"
  Gesprek "," Henk Staghouwer, Christianne van der Wal-Zeggelink","De Groene11 is het samenwerkingsverband voor public affairs van verschillende natuur- en milieuorganisaties (Natuur & milieu, ...
",16-03-2022
197,Gesprek met Canadese minister van Buitenlandse Zaken Joly,"
  Gesprek ", Wopke Hoekstra,"Minister Hoekstra spreekt digitaal met zijn Canadese collega minister Joly
",16-03-2022
198,Formele kennismaking met dhr. Nijboer,"
  Gesprek ", Carola Schouten,NA,16-03-2022
199,Kennismaking Jurriën Koops en Sieto de Leeuw van de Algemene Bond Uitzendondernemingen (ABU),"
  Gesprek ", Karien van Gennip,"Media kunnen voor meer informatie contact opnemen met SZW: +031 6 500 976 84. 
",16-03-2022
200,Diverse gesprekken minister De Jonge,"
  Gesprek ", Hugo de Jonge,NA,16-03-2022
201,Kennismaking met Europees Parlement en Europese Commissie,"
  Internationale bijeenkomst ", Mark Harbers,NA,16-03-2022
202,Gesprek met directeur nationaal park de Hoge Veluwe,"
  Gesprek ", Christianne van der Wal-Zeggelink,NA,16-03-2022
203,Kennismaking met CEO Deutsche Bahn Cargo,"
  Gesprek ", Vivianne Heijnen,NA,16-03-2022
204,Werkbezoek Gemeenteraadsverkiezingen,"
  Werkbezoek ", Hanke Bruins Slot,"Minister Bruins Slot is op werkbezoek in het kader van de Gemeenteraadsverkiezingen.
",16-03-2022
205,Kennismaking met ceo Rabobank,"
  Gesprek ", Henk Staghouwer,NA,16-03-2022
206,Minister Schouten ontvangt dhr. Bruce Zagers (gedeputeerde Saba) en dhr. Tim Muller (eilandsecretaris Saba),"
  Gesprek ", Carola Schouten,NA,16-03-2022
207,Gesprek met initiatiefnemers WoonNL,"
  Gesprek ", Hugo de Jonge,NA,16-03-2022
208,Oudergesprekken,"
  Gesprek ", Aukje de Vries,NA,16-03-2022
209,Bezoek aan ProRail,"
  Werkbezoek ", Vivianne Heijnen,NA,16-03-2022
210,Gesprek met ceo van Agrifirm,"
  Gesprek ", Henk Staghouwer,NA,16-03-2022
211,Werkbezoek Rijksdienst voor Ondernemend Nederland,"
  Werkbezoek ", Mark Rutte,"Kort werkbezoek aan de Rijksdienst voor Ondernemend Nederland in het kader van de Toekoming Vaste Lasten voor ondernemers.
",16-03-2022
212,Kennismaking met directeur Centraal Plan Bureau,"
  Gesprek ", Henk Staghouwer,NA,16-03-2022
213,BO met sociale partners,"
  Gesprek ", Karien van Gennip,"Minister van Gennip neemt deel aan het bestuurlijk overleg met sociale partners over uitwerking maatregelen arbeidsmarkt CA/MLT.
",16-03-2022
214,Regeerakkoord in kindertaal,"
  Ontvangst ", Carola Schouten,"Minister Schouten neemt het Regeerakkoord in kindertaal in ontvangst van Save the Children.
",16-03-2022
215,Gesprek met ceo Shell en president-directeur Shell Nederland,"
  Gesprek ", Mark Rutte,NA,16-03-2022
216,Werkbezoek integrale geboortezorg,"
  Werkbezoek ", Ernst Kuipers,"Minister Kuipers bezoekt de Rotterdam Science Tower als praktijkvoorbeeld van integrale geboortezorg.
",16-03-2022
217,Werkbezoek Defensie Cyber Commando,"
  Werkbezoek ", Christophe van der Maat,NA,16-03-2022
218,Gesprek met Kadaster,"
  Gesprek ", Hugo de Jonge,NA,16-03-2022
219,Kennismaking met toekomstig regeringscommissaris seksueel geweld en seksueel grensoverschrijdend gedrag,"
  Gesprek ", Gunay Uslu,NA,15-03-2022
220,Commissiedebat Omgevingswet,"
  Kamervergadering ", Hugo de Jonge,NA,15-03-2022
221,"Kennismaking met Bestuurlijke Adviescommissie Milieu, Toezicht en Handhaving","
  Gesprek ", Vivianne Heijnen,NA,15-03-2022
222,Kennismakingsgesprek met hare majesteit de Koningin,"
  Gesprek ", Dennis Wiersma,NA,15-03-2022
223,Werkbezoek school over Minecraft lancering verkeersveiligheid,"
  Werkbezoek ", Mark Harbers,"Met minister Wiersma.
",15-03-2022
224,Ministeriële Commissie COVID-19,"
  Ministerraad, onderraad, ministerieel overleg "," Carola Schouten, Micky Adriaansens, Henk Staghouwer, Karien van Gennip, Ernst Kuipers, Gunay Uslu, Vivianne Heijnen",NA,15-03-2022
225,Gesprek met gedeputeerde provincie Drenthe,"
  Gesprek ", Hans Vijlbrief,NA,15-03-2022
226,Gesprek met commissaris van de koning en bestuurders provincie Groningen,"
  Gesprek ", Hans Vijlbrief,NA,15-03-2022
227,Ecofinraad,"
  Internationale bijeenkomst "," Sigrid Kaag, Marnix van Rij","Minister Kaag en staatssecretaris Van Rij vertegenwoordigen Nederland bij de bijeenkomst van de ministers van Financiën van de 27 ...
",15-03-2022
228,Interpellatie-Koffeman over Meta-datacenter in Zeewolde,"
  Kamervergadering ", Hugo de Jonge,NA,15-03-2022
229,Tweeminutendebat Natuur airport Lelystad en de Wadden,"
  Kamervergadering ", Christianne van der Wal-Zeggelink,NA,15-03-2022
230,Tweeminutendebat Vaststelling regeling groenprojecten 2022,"
  Kamervergadering ", Vivianne Heijnen,NA,15-03-2022
231,Tweeminutendebat Externe veiligheid,"
  Kamervergadering ", Vivianne Heijnen,NA,15-03-2022
232,Werkbezoek aan CBS De Herenweg en in ontvangst name van VVN Minecraft,"
  Werkbezoek ", Dennis Wiersma,"Minister Wiersma brengt een werkbezoek aan CBS De Herenweg en in ontvangst name van VVN Minecraft Verkeerseducatie in het kader ...
",15-03-2022
233,Gesprek met Chinese minister van Buitenlandse Zaken Wang Yi,"
  Gesprek ", Wopke Hoekstra,"Minister Hoekstra spreekt digitaal met zijn Chinese collega minister Wang Yi.
",15-03-2022
234,Gesprek met directie jagersvereniging,"
  Gesprek ", Christianne van der Wal-Zeggelink,NA,15-03-2022
235,Tweeminutendebat Luchtvaart,"
  Kamervergadering ", Mark Harbers,NA,15-03-2022
236,Bijpraten met vertegenwoordigers van maatschappelijke organisaties,"
  Gesprek ", Hans Vijlbrief,NA,15-03-2022
237,Speech Mobiliteitspoort,"
  Evenement ", Mark Harbers,"Georganiseerd door de Mobiliteitsalliantie.
",15-03-2022
238,Onderraden en ministeriële overleggen,"
  Ministerraad, onderraad, ministerieel overleg "," Mark Rutte, Carola Schouten, Dilan Yeşilgöz-Zegerius, Hanke Bruins Slot, Mark Harbers, Micky Adriaansens, Karien van Gennip, Liesje Schreinemacher, Aukje de Vries, Christophe van der Maat",NA,15-03-2022
239,Debat regeringsverklaring (derde termijn),"
  Kamervergadering "," Mark Rutte, Sigrid Kaag","Derde termijn Kamer en regering debat n.a.v. de regeringsverklaring.
",15-03-2022
240,Commissiedebat over de LNV-raad van 21 maart,"
  Kamervergadering ", Henk Staghouwer,NA,15-03-2022
241,Vragenuurtje en stemmingen,"
  Kamervergadering ", Micky Adriaansens,NA,15-03-2022
242,Kennismaking Koning,"
  Gesprek "," Liesje Schreinemacher, Rob Jetten","Voor een kennismakingsgesprek ontvangt de Koning de ministers: Schreinemacher (Buitenlandse Handel en Ontwikkelingssamenwerking); ...
",15-03-2022
243,Huldiging Paralympiërs,"
  Evenement "," Mark Rutte, Conny Helder","De Koning, prinses Margriet, minister-president Rutte en minister Helder ontvangen medaillewinnaars paralympische winterspelen ...
",15-03-2022
244,Diverse kennismakingen staatssecretaris Van der Maat,"
  Gesprek ", Christophe van der Maat,"Staatssecretaris Van der Maat heeft kennismakingsgesprekken met: de NCTV Robin Imthorn en Renaldo Ishaak van het platform KNAK
",15-03-2022
245,Tweeminutendebat Hoofdlijnendebat Infrastructuur en Waterstaat,"
  Kamervergadering "," Mark Harbers, Vivianne Heijnen",NA,15-03-2022
246,Tweeminutendebat Wadden,"
  Kamervergadering ", Mark Harbers,NA,15-03-2022
247,Plenair debat Initiatiefvoorstel Van Ginneken en Van Wijngaarden over het van rechtswege ontstaan van gezamenlijk gezag door erkenning,"
  Kamervergadering ", Franc Weerwind,"Plenair debat Initiatiefvoorstel Van Ginneken en Van Wijngaarden over het van rechtswege ontstaan van gezamenlijk gezag door ...
",15-03-2022
248,Speech Benelux-conferentie over BTW-kloof,"
  Internationale bijeenkomst ", Marnix van Rij,NA,15-03-2022
249,Gesprek met interim-voorzitter Nederlands Melkveehouders Vakbond (NMV),"
  Gesprek ", Christianne van der Wal-Zeggelink,NA,15-03-2022
250,"Kennismakingsgesprek met bestuur van Duurzame Zuivelketen (FrieslandCampina, LTO, NAJK en zuivel.nl)","
  Gesprek "," Henk Staghouwer, Christianne van der Wal-Zeggelink",NA,15-03-2022
251,Extra Veiligheidsberaad,"
  Bestuurlijk overleg "," Dilan Yeşilgöz-Zegerius, Eric van der Burg","Minister Yeşilgöz-Zegerius en staatssecretaris Eric van der Burg waren aanwezig bij het Veiligheidsberaad om te spreken over de ...
",15-03-2022
252,Ministerial Conference on the Mental Health of Vulnerable Young People,"
  Internationale bijeenkomst ", Maarten van Ooijen,"Staatssecretaris Van Ooijen is aanwezig bij internationaal overleg om te spreken over de mentale gezondheid van jongeren.
",15-03-2022
253,Bewindsliedenoverleg over corona,"
  Gesprek ", Mark Rutte,NA,14-03-2022
254,Bestuurlijk overleg COVID-19,"
  Bestuurlijk overleg ", Ernst Kuipers,NA,14-03-2022
255,Bezoek aan gemeente Rotterdam en wethouder Grauss,"
  Werkbezoek ", Carola Schouten,"Minister Schouten bezoekt Rotterdam in het kader van de aanpak van armoede en schulden.
",14-03-2022
256,Werkbezoek aan Eindhoven,"
  Werkbezoek ", Hugo de Jonge,"Minister De Jonge brengt een werkbezoek aan het stedelijk vernieuwingsgebied Woensel Zuid en de spoorzone.
",14-03-2022
257,Gesprek met FNV/CNV/CMHF,"
  Gesprek ", Hanke Bruins Slot,NA,14-03-2022
258,Extra Veiligheidsberaad,"
  Gesprek "," Hugo de Jonge, Hanke Bruins Slot",NA,14-03-2022
259,Interview radio-programma,"
  Gesprek ", Carola Schouten,"Minister Schouten wordt geïnterviewd door Radio 1, Geld of je leven. 
",14-03-2022
260,Eurogroep,"
  Internationale bijeenkomst ", Sigrid Kaag,"Minister Kaag vertegenwoordigt Nederland bij de bijeenkomst van de ministers van Financiën van de 19 eurolanden.
",14-03-2022
261,Kennismaking CEO Rabobank,"
  Gesprek ", Liesje Schreinemacher,"Minister Schreinemacher (Buitenlandse Handel en Ontwikkelingssamenwerking) heeft een kennismakingsgesprek met de CEO van ...
",14-03-2022
262,Werkbezoek Douane - Eemshaven Groningen Seaports,"
  Werkbezoek ", Aukje de Vries,NA,14-03-2022
263,Formele Raad EPSCO,"
  Internationale bijeenkomst ", Karien van Gennip,"Media kunnen voor meer informatie contact opnemen met SZW: 06-50097684.
",14-03-2022
264,Werkbezoek aan gemeente IJsselstein,"
  Werkbezoek ", Maarten van Ooijen,"Staatssecretaris Van Ooijen brengt in het kader van preventie een bezoek aan de gemeente IJsselstein, waar hij in gesprek gaat ...
",14-03-2022
265,Werkbezoek aan school De Horizon in Hengelo,"
  Werkbezoek ", Dennis Wiersma,"Minister Wiersma brengt een werkbezoek aan basisschool De Horizon in Hengelo in het kader van nieuwkomers.
",14-03-2022
266,Officiële opening BoerenNatuurweek en bezoek Kampina met natuurmonumenten (regiotour),"
  Werkbezoek ", Christianne van der Wal-Zeggelink,NA,14-03-2022
267,Werkbezoek Hogere Defensie Vorming,"
  Werkbezoek ", Christophe van der Maat,"Staatssecretaris Van der Maat brengt een bezoek aan de cursisten van de opleiding Hogere Defensie Vorming.
",14-03-2022
268,Minister Ollongren is aanwezig bij de JEF Leaders Meet.,"
  Internationale bijeenkomst ", Kajsa Ollongren,"Minister Ollongren is aanwezig bij de JEF Leaders Meet.
",14-03-2022
269,Kennismaking met Nationaal Archief,"
  Werkbezoek ", Gunay Uslu,"Staatssecretaris Uslu maakt kennis met de algemeen directeur, de directeur Archieven Dienstverlening en Innovatie en werknemers ...
",14-03-2022
270,Werkbezoek aan Rijksdienst voor Ondernemend Nederland (RVO),"
  Werkbezoek ", Micky Adriaansens,NA,14-03-2022
271,Gesprek met de Koning,"
  Gesprek ", Mark Rutte,NA,14-03-2022
272,Ronde Tafel basisindustrie met leden van VNO-NCW,"
  Gesprek ", Micky Adriaansens,NA,14-03-2022
273,Gesprek MVO Nederland en Platform,"
  Gesprek ", Liesje Schreinemacher,"Minister Schreinemacher (Buitenlandse Handel en Ontwikkelingssamenwerking) heeft een gesprek met MVO Nederland en MVO Platform.
",14-03-2022
274,Werkbezoek zaadveredelingsbedrijf Rijk Zwaan,"
  Werkbezoek ", Henk Staghouwer,NA,14-03-2022
275,Kennismaking CEO Gasunie,"
  Gesprek ", Rob Jetten,"Minister Jetten (Klimaat en Energie) heeft een kennismakingsgesprek met de CEO van Gasunie. 
",14-03-2022
276,Notaoverleg gendersensitieve zorg,"
  Kamervergadering ", Ernst Kuipers,"Minister Kuipers neemt deel aan het overleg over de initiatiefnota van het Tweede Kamerlid Ploumen: 'De noodzaak van ...
",14-03-2022
277,Werkbezoek Koppert Biological Systems,"
  Werkbezoek ", Henk Staghouwer,NA,14-03-2022
278,Gesprek voorzitter VNO-NCW,"
  Gesprek ", Liesje Schreinemacher,"Minister Schreinemacher (Buitenlandse Handel en Ontwikkelingssamenwerking) heeft een gesprek met de voorzitter van ...
",14-03-2022
279,Kennismaking met voorzitter Producentenorganisatie Varkenshouderij (POV),"
  Gesprek ", Henk Staghouwer,NA,14-03-2022
280,66e bijeenkomst Commission on the Status of Women,"
  Internationale bijeenkomst ", Robbert Dijkgraaf,"Minister Dijkgraaf neemt deel aan de internationale Commission on the Status of Women over de positie van vrouwen in de wereld.
",14-03-2022
281,Werkbezoek World Horti Centre,"
  Werkbezoek ", Henk Staghouwer,NA,14-03-2022
282,Wetgevingsoverleg Wet Vrachtwagenheffing,"
  Kamervergadering ", Mark Harbers,NA,14-03-2022
283,Werkbezoek in het kader van toegankelijkheid,"
  Werkbezoek ", Conny Helder,"Minister Helder gaat op bezoek bij een stembureau en een mbo om te zien hoe zij deze toegankelijk maken en houden voor iedereen.
",14-03-2022
284,Kennismaking met mevrouw Thijssen en de heer Oudshoorn (beiden VNO-NCW),"
  Gesprek ", Mark Harbers,NA,14-03-2022
285,Herdenking/bezinning slachtoffers Oekraïne,"
  Evenement ", Hanke Bruins Slot,"Minister Bruins Slot is aanwezig bij de herdenkings- /bezinningsbijeenkomst slachtoffers Oekraïne.
",13-03-2022
286,Gesprek met minister-president Morrison van Australië,"
  Gesprek ", Mark Rutte,NA,13-03-2022
287,Werkbezoek aan de cultuursector in Rotterdam,"
  Evenement ", Gunay Uslu,"Staatssecretaris Uslu is aanwezig bij De Troostprijs van jeugddansgezelschap De Stilte bij in het Chassé theater in Breda.
",13-03-2022
288,Overleg met de Sociaal-economische Raad (SER),"
  Bestuurlijk overleg ", Dennis Wiersma,"Minister Wiersma overlegt met de SER in het kader van Leven Lang Ontwikkelen (LLO).
",11-03-2022
289,Kabinetsbrede briefing stikstofproblematiek,"
  Gesprek "," Henk Staghouwer, Dennis Wiersma, Christianne van der Wal-Zeggelink","Ministers Staghouwer en Van der Wal-Zeggelink: media kunnen voor meer informatie contact opnemen met Rudi Buis, tel: 06-11201624 ...
",11-03-2022
290,Kennismaking met leden van de pluimveeketen,"
  Gesprek ", Henk Staghouwer,"Media kunnen voor meer informatie contact opnemen met Bertine Moenaff-Fennema, tel: 06-29172880 of b.l.moenaff@minlnv.nl.
",11-03-2022
291,Lezing 'wanneer kennis kritiek wordt',"
  Evenement ", Robbert Dijkgraaf,"Minister Dijkgraaf geeft een lezing in samenwerking met Leiden European City of Science over het belang van kennis en feiten.
",11-03-2022
292,Kennismaking met de Raadsadviseur AZ,"
  Gesprek ", Henk Staghouwer,NA,11-03-2022
293,Kennismaking met de heer Van Eijck en mevrouw Rintel (Mobiliteitsalliantie),"
  Gesprek ", Mark Harbers,NA,11-03-2022
294,Ministerraad,"
  Ministerraad, onderraad, ministerieel overleg "," Mark Rutte, Sigrid Kaag, Wopke Hoekstra, Carola Schouten, Dilan Yeşilgöz-Zegerius, Hanke Bruins Slot, Robbert Dijkgraaf, Kajsa Ollongren, Mark Harbers, Micky Adriaansens, Henk Staghouwer, Karien van Gennip, Ernst Kuipers, Liesje Schreinemacher, Franc Weerwind, Hugo de Jonge, Dennis Wiersma, Rob Jetten, Christianne van der Wal-Zeggelink, Conny Helder, Alexandra van Huffelen, Gunay Uslu, Marnix van Rij, Hans Vijlbrief","Viceminister-president Kaag heeft na de ministerraad een persconferentie gegeven. Over de oorlog in Oekraïne, de stijgende ...
",11-03-2022
295,Onderraden en ministeriële overleggen,"
  Ministerraad, onderraad, ministerieel overleg "," Carola Schouten, Micky Adriaansens, Karien van Gennip, Rob Jetten",NA,11-03-2022
296,Werkbezoek aan de cultuursector in Rotterdam,"
  Werkbezoek ", Gunay Uslu,"Staatssecretaris Uslu brengt een bezoek aan diverse culturele instellingen in Rotterdam en wordt daarbij ontvangen door de ...
",11-03-2022
297,Bewindsliedenoverleg Vastgoed,"
  Ministerraad, onderraad, ministerieel overleg ", Christianne van der Wal-Zeggelink,NA,11-03-2022
298,Gesprek met Commissaris van de Koning in Groningen,"
  Gesprek ", Hanke Bruins Slot,"Minister Bruins Slot heeft een kennismakingsgesprek met Commissaris van de Koning in Groningen, de heer Paas.
",10-03-2022
299,Overleg met sociale partners over Oekraïne,"
  Bestuurlijk overleg ", Karien van Gennip,NA,10-03-2022
300,Overleg over inburgering en onderwijs,"
  Bestuurlijk overleg ", Dennis Wiersma,"Ministers Wiersma (OCW) en Van Gennip (SZW) overleggen over Inburgering & Onderwijs.  
",10-03-2022
301,Commissiedebat Steunpakket cultuur,"
  Kamervergadering "," Micky Adriaansens, Gunay Uslu",NA,10-03-2022
302,Inontvangstname regenwoudcake door klimaatambassadeurs,"
  Evenement ", Rob Jetten,NA,10-03-2022
303,Gesprek met de Moldavische minister van Buitenlandse Zaken,"
  Gesprek ", Wopke Hoekstra,"Minister Hoekstra spreekt digitaal met de Moldavische minister van Buitenlandse Zaken Popescu.
",10-03-2022
304,BO VNG,"
  Bestuurlijk overleg ", Carola Schouten,"Minister Schouten neemt deel aan het bestuurlijk overleg met VNG.
",10-03-2022
305,Gesprek met NS over mondkapjesplicht in OV,"
  Gesprek ", Vivianne Heijnen,NA,10-03-2022
306,Bewindspersonenoverleg,"
  Bestuurlijk overleg ", Liesje Schreinemacher,NA,10-03-2022
307,2e termijn voorstel wijziging wet afbreking zwangerschap,"
  Kamervergadering ", Ernst Kuipers,NA,10-03-2022
308,Kennismaking met LHV,"
  Gesprek ", Maarten van Ooijen,"Staatssecretaris Van Ooijen maakt kennis met de voorzitter van de Landelijke Huisartsen Vereniging (LHV).
",10-03-2022
309,Werkbezoek aan GGZ-instelling Reinier van Arkel,"
  Werkbezoek ", Conny Helder,NA,10-03-2022
310,Commissiedebat Integriteit openbaar bestuur,"
  Kamervergadering ", Hanke Bruins Slot,NA,10-03-2022
311,Vierlandenoverleg,"
  Internationale bijeenkomst ", Robbert Dijkgraaf,"Minister Dijkgraaf neemt deel aan het ministeriele vierlandenoverleg Onderwijs, Cultuur en Wetenschap tussen Aruba, Curaçao, Sint ...
",10-03-2022
312,Informeel Nationaal Openbaar Vervoer Beraad,"
  Bestuurlijk overleg ", Vivianne Heijnen,NA,10-03-2022
313,Diverse gesprekken minister Jetten,"
  Gesprek ", Rob Jetten,"Minister Jetten heeft gesprekken met: een delegatie van Aruba de Jonge Klimaatbeweging de waarnemend Rijksvertegenwoordiger van ...
",10-03-2022
314,Werkbezoek aan de Rotterdamse haven,"
  Werkbezoek ", Rob Jetten,NA,10-03-2022
315,Werkbezoek verkeersveiligheid,"
  Werkbezoek ", Mark Harbers,"Team Alert geeft een school voorlichting over verkeersveiligheid.
",10-03-2022
316,"Ontmoeting met de heer A. Brok, commissaris van de Koning in Fryslân","
  Gesprek ", Aukje de Vries,NA,10-03-2022
317,Kennismaking met de heer A. Wolfsen (Autoriteit Persoonsgegevens),"
  Gesprek ", Aukje de Vries,NA,10-03-2022
318,Werkbezoek Havenbedrijf Rotterdam,"
  Werkbezoek ", Mark Harbers,NA,10-03-2022
319,Kennismaking vereniging voor schuldhulpverlening en sociaal bankieren  (NVVK),"
  Gesprek ", Carola Schouten,"Minister Schouten maakt kennis met de heer Marco Florijn van de NVVK.
",10-03-2022
320,Werkbezoek opvanglocatie Gorinchem,"
  Werkbezoek ", Eric van der Burg,"Staatssecretaris Van der Burg bracht een werkbezoek aan de opvanglocatie voor asielzoekers in Gorinchem en ging in gesprek ...
",10-03-2022
321,Diverse kennismakingen staatssecretaris Heijnen,"
  Gesprek ", Vivianne Heijnen,"Staatssecretaris Heijnen heeft kennismakingsgesprekken met: de heer Janssen en mevrouw Rahimi (FNV Spoor) de Haagse wethouder Van ...
",10-03-2022
322,Debat over de stand van zaken rondom de evacuatie in Afghanistan,"
  Kamervergadering ", Wopke Hoekstra,"Minister Hoekstra neemt deel aan het debat over de stand van zaken rondom de evacuatie in Afghanistan in de Tweede Kamer.
",10-03-2022
323,Commissiedebat COVID-19,"
  Kamervergadering ", Liesje Schreinemacher,"Minister Schreinemacher neemt in de Tweede Kamer deel aan het commissiedebat over de wereldwijde aanpak van COVID-19.
",10-03-2022
324,Gesprek met gedeputeerde Overijssel,"
  Gesprek ", Christianne van der Wal-Zeggelink,NA,10-03-2022
325,Startcongres Lente-akkoord 2.0 Circulair Industrieel Bouwen,"
  Evenement ", Hugo de Jonge,"Minister De Jonge spreekt bij het startcongres Lente-akkoord 2.0 Circulair Industrieel Bouwen.
",10-03-2022
326,Kennismaking met de heer Arno Visser,"
  Gesprek ", Karien van Gennip,"Minister Van Gennip maakt kennis met de president van de Algemene Rekenkamer, de heer Arno Visser.
",10-03-2022
327,Informele Europese Raad,"
  Internationale bijeenkomst ", Mark Rutte,NA,10-03-2022
328,Wetsbehandeling Goedkeuringswet vijfde verlenging geldingsduur tijdelijke wet maatregelen Covid-19,"
  Kamervergadering ", Ernst Kuipers,NA,10-03-2022
329,Tweeminutendebat Milieuraad,"
  Kamervergadering ", Christianne van der Wal-Zeggelink,NA,10-03-2022
330,Commissiedebat Landspakketten en hervormingen CAS,"
  Kamervergadering ", Alexandra van Huffelen,NA,10-03-2022
331,Commissiedebat Stikstof,"
  Kamervergadering ", Christianne van der Wal-Zeggelink,NA,10-03-2022
332,Kennismaking met commissaris van de Koning in Fryslân,"
  Gesprek ", Christophe van der Maat,"Staatssecretaris Van der Maat maakt kennis met Arno Brok, commissaris van de Koning in Fryslân.
",10-03-2022
333,Gesprek met SGF,"
  Gesprek ", Maarten van Ooijen,"Staatssecretaris Van Ooijen heeft een gesprek met de Samenwerkende gezondheidsfondsen over voeding en een gezonde generatie.
",10-03-2022
334,Diverse gesprekken,"
  Gesprek ", Alexandra van Huffelen,"Staatssecretaris Van Huffelen heeft een gesprek met: gezaghebber Rijna van Bonaire en Rijksvertegenwoordiger Jan Helmond over ...
",10-03-2022
335,Lunch met Commissaris van de Koning in de provincie Groningen,"
  Gesprek ", Hans Vijlbrief,NA,10-03-2022
336,Commissiedebat over de stand van zaken evacuatie in Afghanistan,"
  Kamervergadering ", Kajsa Ollongren,NA,10-03-2022
337,Rondleiding Binnenhof,"
  Werkbezoek ", Hugo de Jonge,"Minister De Jonge krijgt een rondleiding over het Binnenhof in het kader van de renovatie.
",10-03-2022
338,Diverse kennismakingen minister Helder,"
  Gesprek ", Conny Helder,"Minister Helder heeft kennismakingsgesprekken met: de Raad voor Volksgezondheid en Samenleving (Den Haag) de Nederlandse ...
",10-03-2022
339,Openen congres Aardgasvrije wijken,"
  Evenement ", Hugo de Jonge,"Minister De Jonge opent het congres Aardgasvrije wijken.
",10-03-2022
340,Bezoek aan Kaapverdische delegatie in Rotterdam,"
  Gesprek ", Ernst Kuipers,"Minister Kuipers is aanwezig bij een ontmoeting tussen de burgemeester van Rotterdam en de Kaapverdische delegatie over de ...
",10-03-2022
341,Bewindspersonenoverleg over Inburgering en Onderwijs,"
  Gesprek ", Dennis Wiersma,"Minister Wiersma overlegt met de minister van Sociale Zaken en Werkgelegenheid over Inburgering & Onderwijs.
",10-03-2022
342,Commissiedebat Eurogroep/Ecofinraad,"
  Kamervergadering "," Sigrid Kaag, Marnix van Rij",NA,10-03-2022
343,Regeringsconsultaties,"
  Internationale bijeenkomst "," Kajsa Ollongren, Dilan Yeşilgöz-Zegerius","Minister Yeşilgöz-Zegerius en minister Ollongren namen deel aan de Regeringsconsultaties in Frankrijk.
",09-03-2022
344,Debat wetsvoorstel wijziging Boek 6 Burgerlijk wetboek,"
  Kamervergadering ", Micky Adriaansens,NA,09-03-2022
345,Kennismaking met de heer Bos en mevrouw Kluit (Rover),"
  Gesprek ", Vivianne Heijnen,NA,09-03-2022
346,Digitaal werkbezoek jeugdbescherming,"
  Werkbezoek ", Maarten van Ooijen,"Staatssecretaris Van Ooijen zal samen met minister Weerwind een digitaal werkbezoek hebben over jeugdbescherming.
",09-03-2022
347,Afscheidsdiner van een gedeputeerde van het Waddenfonds,"
  Evenement ", Henk Staghouwer,NA,09-03-2022
348,"Gesprek met Rijksvertegenwoordiger voor Bonaire, Sint  Eustatius en Saba","
  Gesprek ", Hugo de Jonge,"Minister De Jonge heeft een gesprek met Jan Helmond, Rijksvertegenwoordiger voor Bonaire, St. Eustatius en Saba.
",09-03-2022
349,Regeringsconsultaties kabinetsdelegatie  met Franse regering,"
  Internationale bijeenkomst "," Mark Rutte, Kajsa Ollongren, Wopke Hoekstra, Dilan Yeşilgöz-Zegerius, Sigrid Kaag, Rob Jetten","Regeringsconsultaties met een afvaardiging van de Franse regering, onder leiding van president Macron. 
",09-03-2022
350,Commissiedebat Toezicht en handhaving,"
  Kamervergadering ", Mark Harbers,NA,09-03-2022
351,Plenair debat Voorstel van wet over toevoeging van handicap en seksuele gerichtheid als non-discriminatie,"
  Kamervergadering ", Hanke Bruins Slot,"Plenair debat Voorstel van wet van de leden Hammelburg, Bromet en De Hoop; verandering in de GW, strekkende tot toevoeging van ...
",09-03-2022
352,Debat over sociale veiligheid,"
  Kamervergadering ", Dennis Wiersma,NA,09-03-2022
353,BWO Wietexperiment,"
  Ministerraad, onderraad, ministerieel overleg "," Dilan Yeşilgöz-Zegerius, Ernst Kuipers","Minister Yeşilgöz-Zegerius ging in overleg met minister Kuipers (VWS) over het wietexperiment.
",09-03-2022
354,Kennismaking met de voorzitter van de SER en de hoogleraar bestuurskunde aan De WUR,"
  Gesprek ", Henk Staghouwer,NA,09-03-2022
355,Werkbezoek aan C-Support,"
  Werkbezoek ", Ernst Kuipers,"Minister Kuipers brengt een werkbezoek in het kader van Post-Covid Syndroom patiënten.
",09-03-2022
356,Commissiedebat Vreemdelingen- en Asielbeleid,"
  Kamervergadering ", Eric van der Burg,"Staatssecretaris Van der Burg ging in debat met de Tweede Kamer over het vreemdelingen- en asielbeleid.
",09-03-2022
357,Kennismaking met de heer Visser (Algemene Rekenkamer),"
  Gesprek ", Mark Harbers,NA,09-03-2022
358,BWO Wetswijziging COVID-19,"
  Ministerraad, onderraad, ministerieel overleg "," Dilan Yeşilgöz-Zegerius, Hanke Bruins Slot, Ernst Kuipers","Minister Yeşilgöz-Zegerius ging in overleg met minister Kuipers (VWS) en minister Bruins Slot (BZK) over de wetswijziging ...
",09-03-2022
359,Bestuurlijk overleg mo/bw/ggz,"
  Bestuurlijk overleg ", Maarten van Ooijen,"Staatssecretaris Van Ooijen heeft een bestuurlijk overleg over maatschappelijke opvang, beschermd wonen en de ggz. Dit overleg is ...
",09-03-2022
360,Tweeminutendebat Lekken van privégegevens bij de KvK,"
  Kamervergadering ", Micky Adriaansens,NA,09-03-2022
361,Overleg met Nederlandse boeren in Oekraïne,"
  Gesprek ", Henk Staghouwer,"Media kunnen voor meer informatie contact opnemen met Elise van den Bosch, tel: 06-52820937 of e.vandenbosch@minlnv.nl.
",09-03-2022
362,Onderraden en ministeriële overleggen,"
  Ministerraad, onderraad, ministerieel overleg "," Hugo de Jonge, Dilan Yeşilgöz-Zegerius, Dennis Wiersma, Hanke Bruins Slot, Karien van Gennip, Eric van der Burg",NA,09-03-2022
363,Gesprek met burgemeester Aboutaleb,"
  Gesprek ", Hanke Bruins Slot,"Minister Bruins Slot heeft een kennismakingsgesprek met burgemeester Aboutaleb van Rotterdam.
",09-03-2022
364,Werkbezoek KCIO,"
  Werkbezoek ", Eric van der Burg,"Staatsecretaris Van der Burg bracht een werkbezoek aan het KCIO (Knooppunt Coördinatie en Informatie Oekraïne), een landelijk ...
",09-03-2022
365,Stuurgroep Water,"
  Bestuurlijk overleg ", Mark Harbers,"Extra Stuurgroep in verband met beleidstafel wateroverlast en hoogwater.
",09-03-2022
366,Kennismaking NBBU,"
  Gesprek ", Karien van Gennip,"Minister Van Gennip maakt kennis met Brigitte van der Burg en Marco Bastian van de Nederlandse Bond van Bemiddelings-en ...
",09-03-2022
367,Kennismaking met minister van Justitie en Sociale Zaken van Aruba,"
  Gesprek ", Dilan Yeşilgöz-Zegerius,"Minister Yeşilgöz-Zegerius heeft kennisgemaakt met minister Tjon van Justitie en Sociale Zaken van Aruba.
",09-03-2022
368,Diverse kennismakingen minister Helder,"
  Gesprek ", Conny Helder,"Minister Helder heeft kennismakingsgesprekken met: de Federatie Nederlandse Vakbeweging het Sociaal en Cultureel Planbureau de ...
",09-03-2022
369,Overleg met G5 en onderwijsbestuurders,"
  Bestuurlijk overleg ", Dennis Wiersma,"Minister Wiersma heeft een overleg met wethouders en vertegenwoordiging van de schoolbesturen van de G5. 
",09-03-2022
370,Ondertekening Douaneverdrag,"
  Werkbezoek ", Aukje de Vries,NA,09-03-2022
371,Kennismakingsgesprek met de voorzitter en de Algemeen Secretaris van de Raad van de leefomgeving,"
  Gesprek ", Henk Staghouwer,NA,09-03-2022
372,Diverse kennismakingen minister Schouten,"
  Gesprek ", Carola Schouten,"Minister Schouten maakt kennis met:  de Nationale ombudsman, de heer Reinier van Zutphen de heer Jaarsma en mevrouw Maat van de ...
",09-03-2022
373,Werkbezoek veiligheidsteams West Brabant West,"
  Werkbezoek ", Franc Weerwind,"Minister Franc Weerwind bracht een digitaal werkbezoek aan de veiligheidsteams West Brabant West in het kader van een pilot uit ...
",09-03-2022
374,Bezoek VDL ETG,"
  Werkbezoek ", Liesje Schreinemacher,"Minister Schreinemacher brengt een werkbezoek aan het bedrijf VDL Enabling Technologies Group.
",09-03-2022
375,Commissiedebat Douane,"
  Kamervergadering ", Aukje de Vries,NA,09-03-2022
376,Kennismaking met de President van de Algemene Rekenkamer,"
  Gesprek ", Henk Staghouwer,NA,09-03-2022
377,Diverse kennismakingen staatssecretaris Van Ooijen,"
  Gesprek ", Maarten van Ooijen,"Staatssecretaris Van Ooijen heeft kennismakingsgesprekken met: de voorzitter van het Nederlands Jeugdinstituut de voorzitters van ...
",09-03-2022
378,Werkbezoek aan Defensie Ondersteuning Commando,"
  Werkbezoek ", Christophe van der Maat,NA,09-03-2022
379,Diner vierlandenoverleg,"
  Gesprek ", Robbert Dijkgraaf,"Minister Dijkgraaf dineert met de delegaties van de deelnemende landen aan het vierlandenoverleg.
",09-03-2022
380,Diverse kennismakingen minister Van der Wal-Zeggelink,"
  Gesprek ", Christianne van der Wal-Zeggelink,"Minister Van der Wal-Zeggelink heeft kennismakingsgesprekken met: de Nationale Ombudsman in Den Haag de voorzitter van de SER in ...
",09-03-2022
381,Gesprek met leden van het 'aanjaagteam politieke ambtsdragers met een beperking',"
  Gesprek ", Hanke Bruins Slot,"Minister Bruins Slot heeft een kennismakingsgesprek met leden van het 'aanjaagteam politieke ambtsdragers met een beperking'.
",09-03-2022
382,Kabinetsbrede briefing over de stikstofproblematiek,"
  Bestuurlijk overleg "," Christianne van der Wal-Zeggelink, Gunay Uslu",NA,09-03-2022
383,Commissiedebat op hoofdlijnen,"
  Kamervergadering "," Ernst Kuipers, Conny Helder, Maarten van Ooijen",NA,08-03-2022
384,Gesprek met leden Voortgangscommissie Sint Maarten,"
  Gesprek ", Alexandra van Huffelen,"Staatssecretaris Van Huffelen heeft een kennismakingsgesprek met leden van de Voortgangscommissie Sint Maarten over het werk dat ...
",08-03-2022
385,Werkbezoek aan Litouwen,"
  Werkbezoek ", Wopke Hoekstra,"Minister Hoekstra brengt een werkbezoek aan Litouwen spreekt daar met zijn Litouwse collega Landsbergis, Belarussische ...
",08-03-2022
386,Plenaire behandeling Eerste Kamer 'Wet minimum CO2-prijs elektriciteitsopwekking',"
  Kamervergadering ", Marnix van Rij,NA,08-03-2022
387,Behandeling Wet minimum CO2-prijs elektriciteitsopwekking,"
  Kamervergadering ", Rob Jetten,NA,08-03-2022
388,Commissiedebat Milieuraad,"
  Kamervergadering "," Rob Jetten, Christianne van der Wal-Zeggelink, Vivianne Heijnen",NA,08-03-2022
389,Gesprek met Belgische minister Gilkinet (Mobiliteit),"
  Gesprek ", Mark Harbers,NA,08-03-2022
390,Tweeminutendebat Staat van de woningmarkt,"
  Kamervergadering ", Hugo de Jonge,"Minister Bruins Slot neemt deel aan de Landelijke Regietafel Migratie.
",08-03-2022
391,Gesprek commissie BDO,"
  Gesprek ", Liesje Schreinemacher,"Minister Schreinemacher heeft een kennismakingsgesprek met de commissie Buitenlandse Zaken, Defensie en Ontwikkelingssamenwerking ...
",08-03-2022
392,Wet voldoende betaalbare woningen,"
  Kamervergadering ", Hugo de Jonge,"Voorstel van wet tot wijziging van de Woningwet teneinde te voorkomen dat het aantal sociale-huurwoningen in gemeenten daalt als ...
",08-03-2022
393,Tweeminutendebat informele landbouw- en Visserijraad,"
  Kamervergadering ", Henk Staghouwer,"Media kunnen voor meer informatie contact opnemen met Lisa Gaster, tel: 06-47103618 of l.gaster@minlnv.nl.
",08-03-2022
394,Kennismaking Eerste Kamercommissie IWO,"
  Gesprek "," Mark Harbers, Vivianne Heijnen",NA,08-03-2022
395,Werkbezoek LEC EGG,"
  Werkbezoek ", Dilan Yeşilgöz-Zegerius,"Minister Yeşilgöz-Zegerius bracht een werkbezoek aan het Landelijk Expertise Centrum Eergerelateerd Geweld.
",08-03-2022
396,Digitale bijeenkomst Europese regeringsleiders,"
  Internationale bijeenkomst ", Mark Rutte,"Digitale bijeenkomst ER ter voorbereiding op de extra Europese Raad van 10 en 11 maart.
",08-03-2022
397,Gesprek WO=MEN en 2 hulpverleners uit Oekraïne,"
  Gesprek ", Liesje Schreinemacher,"Minister Schreinemacher voert een gesprek met WO=MEN en 2 vrouwelijke hulpverleners uit Oekraïne, in het kader van Internationale ...
",08-03-2022
398,Vragenuurtje en stemmingen,"
  Kamervergadering ", Hans Vijlbrief,NA,08-03-2022
399,Informele Telecomraad,"
  Gesprek ", Alexandra van Huffelen,"Staatssecretaris Van Hufffelen neemt deel aan de Informele Telecomraad. Belangrijkste gespreksonderwerp: Oekraïne. Ook sprak de ...
",08-03-2022
400,Diverse gesprekken,"
  Gesprek ", Mark Rutte,"Minister-presiedent Rutte heeft een gesprek met:  president Zelensky van Oekraïne president Modi van India.
",08-03-2022
401,SER Diversiteit in de top,"
  Evenement ", Robbert Dijkgraaf,"Minister Dijkgraaf is aanwezig bij het evenement Diversiteit in de top van de SER over de invoering van de wet 'quotum en ...
",08-03-2022
402,Kennismaken EK SZW-Cie,"
  Gesprek "," Carola Schouten, Karien van Gennip","Minister Van Gennip maakt samen met minister Schouten kennis met de EK SZW-Cie.
",08-03-2022
403,Werkbezoek aan project LIVES,"
  Werkbezoek ", Sigrid Kaag,"Minister Kaag brengt een bezoek aan project LIVES. Dit project richt zich op het gezamenlijk met minimaal 50% terugdringen van ...
",08-03-2022
404,LRT (Landelijke Regietafel Migratie en Integratie),"
  Bestuurlijk overleg ", Dilan Yeşilgöz-Zegerius,"Staatssecretaris Van der Burg nam deel aan de LRT om te spreken over de opvang van asielzoekers en huisvesting van statushouders.
",08-03-2022
405,Landelijke Regietafel Migratie,"
  Gesprek ", Hanke Bruins Slot,"Minister Bruins Slot neemt deel aan de Landelijke Regietafel Migratie.
",08-03-2022
406,Kennismaken en onderwerp innovatie,"
  Gesprek ", Christophe van der Maat,"Staatssecretaris Van der Maat heeft een gesprek met diverse stakeholders van Defensie over innovatie.
",08-03-2022
407,Overleg met de Taskforce culturele en creatieve sector,"
  Bestuurlijk overleg ", Gunay Uslu,"Staatssecretaris Uslu gaat in gesprek met de Taskforce culturele en creatieve sector over het openings-en herstelplan, aanpak ...
",08-03-2022
408,Topontbijt,"
  Evenement ", Karien van Gennip,"Minister Van Gennip neemt deel aan het jaarlijks evenement van Stichting Talent naar de Top.
",08-03-2022
409,Inontvangstname boek 'Vrouw in de frontlinie',"
  Evenement ", Christophe van der Maat,"Staatssecretaris Van der Maat neemt in het kader van Internationale Vrouwendag het boek 'Vrouw in de frontlinie' door Johan Kroes ...
",08-03-2022
410,Onderraden en ministeriële overleggen,"
  Ministerraad, onderraad, ministerieel overleg "," Mark Rutte, Carola Schouten, Dilan Yeşilgöz-Zegerius, Hanke Bruins Slot, Kajsa Ollongren, Mark Harbers, Micky Adriaansens, Henk Staghouwer, Karien van Gennip, Liesje Schreinemacher, Dennis Wiersma, Christianne van der Wal-Zeggelink, Eric van der Burg, Gunay Uslu, Aukje de Vries, Vivianne Heijnen, Hans Vijlbrief, Maarten van Ooijen",NA,08-03-2022
411,Europaspeech,"
  Evenement ", Sigrid Kaag,"Minister Kaag verzorgt een speech. De minister besteedt tijdens deze speech aandacht aan het belang van grensoverschrijdende ...
",08-03-2022
412,Rondetafelgesprek,"
  Gesprek ", Karien van Gennip,"Minister Van Gennip organiseert een rondetafelgesprek over gelijke beloning met Allegra van Hövell-Patrizi (CEO Aegon), Annette ...
",08-03-2022
413,Werkbezoek Toeslagen Regulier,"
  Werkbezoek ", Aukje de Vries,NA,07-03-2022
414,Provinciale kick-off Limburgse Netwerkaanpak kinderen,"
  Werkbezoek ", Maarten van Ooijen,"Staatssecretaris Van Ooijen gaat op bezoek bij de kick-off van de provincie Limburg om overgewicht van kinderen aan te pakken.
",07-03-2022
415,Gesprek met de voorzitter van Boer en Natuur,"
  Gesprek ", Henk Staghouwer,NA,07-03-2022
416,Diverse gesprekken minister Jetten,"
  Gesprek ", Rob Jetten,"Minister Jetten heeft gesprekken met: de CEO van Gasunie (via communicatietechnologie) energieleveranciers (Den Haag)
",07-03-2022
417,Extra Veiligheidsberaad,"
  Bestuurlijk overleg ", Hanke Bruins Slot,"Minister Bruins Slot neemt deel aan het Extra Veiligheidsberaad.
",07-03-2022
418,Werkbezoek aan de duurzame polder en Enexis,"
  Werkbezoek ", Rob Jetten,NA,07-03-2022
419,Werkbezoek aan het Cals College,"
  Werkbezoek ", Dennis Wiersma,"Werkbezoek aan het Cals Collega in het kader van leerlingparticipatie.
",07-03-2022
420,Kennismaking met commissaris van de Koning in Fryslân,"
  Gesprek ", Conny Helder,"Minister Helder maakt kennis met Arno Brok, commissaris van de Koning in Fryslân.
",07-03-2022
421,Overhandiging handreiking zwangerschap en werk,"
  Gesprek ", Karien van Gennip,"Stichting van de Arbeid overhandigt de Handreiking zwangerschap en werk aan de minister.
",07-03-2022
422,Werkbezoek Divosa,"
  Werkbezoek ", Franc Weerwind,"Minister Franc Weerwind bracht een werkbezoek aan Divosa over een pilot voor toegang tot het recht.
",07-03-2022
423,Werkbezoek aan Stichting Hoogbegaafd!,"
  Werkbezoek ", Dennis Wiersma,"Minister Wiersma brengt een bezoek aan de Stichting Hoogbegaafd! In het kader van de Week van de Hoogbegaafdheid.
",07-03-2022
424,Werkbezoek haven Heijen,"
  Werkbezoek ", Mark Harbers,NA,07-03-2022
425,Gesprek met energieleveranciers,"
  Gesprek "," Carola Schouten, Rob Jetten","Minister Schouten neemt deel aan een gesprek met minister voor Klimaat en Energie Jetten en energieleveranciers.
",07-03-2022
426,Gesprekken met premier van het VK en premier van Canada,"
  Gesprek ", Mark Rutte,"Gesprekken met premier Johnson van het Verenigd Koninkrijk en premier Trudeau van Canada over de situatie in Oekraïne.
",07-03-2022
427,Werkbezoek aan Emmen,"
  Werkbezoek ", Hanke Bruins Slot,"Minister Bruins Slot brengt een werkbezoek aan Emmen in het kader van de Regio Deal Zuid- en Oost Drenthe en GROS.
",07-03-2022
428,Kennismaking met voorzitter Raad van State,"
  Gesprek ", Micky Adriaansens,NA,07-03-2022
429,Overhandiging van het advies van de Commissie Collectie Nederland,"
  Werkbezoek ", Gunay Uslu,"Staatssecretaris Uslu neemt het advies ‘Onvervangbaar en Onmisbaar’ van de Commissie Collectie Nederland van de Raad voor Cultuur ...
",07-03-2022
430,"Nadere kennismaking met Christian Lindner, Bondsminister van Financiën van Duitsland","
  Gesprek ", Sigrid Kaag,NA,07-03-2022
431,Werkbezoeken,"
  Werkbezoek ", Wopke Hoekstra,"Minister Hoekstra brengt een werkbezoek aan Finland en spreekt daar met zijn Finse collega minister Haavisto Estland en spreekt ...
",07-03-2022
432,Minister Ollongren is op werkbezoek in Roemenië,"
  Werkbezoek ", Kajsa Ollongren,"Minister Ollongren is op werkbezoek in Roemenië.
",07-03-2022
433,Bestuurlijk Overleg met Just Transition Fund (JTF),"
  Bestuurlijk overleg ", Karien van Gennip,"Minister Van Gennip heeft samen met minister Adriaansens een bestuurlijk overleg met Just Transition Fund.
",07-03-2022
434,Diverse gesprekken,"
  Gesprek ", Alexandra van Huffelen,"Staatssecretaris Van Huffelen heeft een gesprek met: Dagmar Oudshoorn van Amnesty International over de vluchtelingensituatie op ...
",07-03-2022
435,Gesprek met sector van online kansspelaanbieders,"
  Gesprek ", Franc Weerwind,"Minister Franc Weerwind ging in gesprek met de sector van online kansspelaanbieders.
",07-03-2022
436,Aanbieding rapport Commissie Schneiders,"
  Gesprek ", Dilan Yeşilgöz-Zegerius,"Minister Yeşilgöz-Zegerius kreeg het rapport van Commissie Schneiders overhandigd. Het rapport gaat over de verbeteropgave voor ...
",07-03-2022
437,Bewindsliedenoverleg Leefomgeving,"
  Bestuurlijk overleg "," Henk Staghouwer, Gunay Uslu",NA,07-03-2022
438,Werkbezoek ANVS en RIVM,"
  Werkbezoek ", Vivianne Heijnen,NA,07-03-2022
439,Werkbezoek  Food Valley,"
  Werkbezoek ", Hugo de Jonge,"Minister De Jonge brengt een werkbezoek aan Food Valley in het kader van woningbouwopgave.
",07-03-2022
440,Gesprek met Amerikaanse Chargé d'Affaires en Counselor for Public affairs,"
  Gesprek ", Robbert Dijkgraaf,"Minister Dijkgraaf spreekt met de Amerikaanse Chargé d'Affaires en Counselor for Public affairs over zijn reis naar New York voor ...
",07-03-2022
441,Opening Week van de Afvalhelden,"
  Werkbezoek ", Vivianne Heijnen,NA,07-03-2022
442,Bestuurlijk Overleg met Just Transition Fund (JTF),"
  Bestuurlijk overleg ", Karien van Gennip,"Minister Van Gennip heeft samen met minister Adriaansens (EZK) een bestuurlijk overleg met Just Transition Fund.
",07-03-2022
443,Diverse kennismakingen staatssecretaris Van der Maat,"
  Gesprek ", Christophe van der Maat,"Staatssecretaris Van der Maat heeft kennismakingsgesprekken met: de heer Verhagen (bijzonder vertegenwoordiger voor de ...
",07-03-2022
444,Veiligheidsberaad,"
  Bestuurlijk overleg "," Dilan Yeşilgöz-Zegerius, Eric van der Burg","Minister Yeşilgöz-Zegerius  en staatssecretaris Van der Burg namen deel aan het Veiligheidsberaad om te spreken over de opvang ...
",07-03-2022
445,Werkbezoek Maastricht Upper Airspace Control,"
  Werkbezoek ", Mark Harbers,NA,07-03-2022
446,Werkbezoek overstromingen zomer 2021,"
  Werkbezoek ", Mark Harbers,"Minister Harbers spreekt met inwoners over hun ervaringen met hoogwater afgelopen zomer.
",07-03-2022
447,Gesprek met leden Just Transition Fund,"
  Gesprek ", Micky Adriaansens,NA,07-03-2022
448,Kennismaking Kinderombudsman,"
  Gesprek ", Eric van der Burg,"Staatssecretaris Van der Burg heeft kennisgemaakt met de Kinderombudsman.
",07-03-2022
449,Ontvangst ambassadeur Oekraïne,"
  Gesprek ", Eric van der Burg,"Staatssecretaris Van der Burg heeft gesproken met de ambassadeur van Oekraïne de heer Maksym Kononenko over de opvang van ...
",07-03-2022
450,Bewindsliedenoverleg corona,"
  Ministerraad, onderraad, ministerieel overleg ", Dilan Yeşilgöz-Zegerius,"Minister Yeşilgöz-Zegerius was aanwezig.
",07-03-2022
451,Toespraak tijdens vertrek Zr.Ms. Zeven Provincien,"
  Werkbezoek ", Kajsa Ollongren,NA,06-03-2022
452,Informele Raad Buitenlandse Zaken/Ontwikkelingssamenwerking,"
  Internationale bijeenkomst ", Liesje Schreinemacher,NA,06-03-2022
453,Gesprek over de situatie in Oekraïne,"
  Gesprek ", Mark Rutte,"Gesprek met een aantal in Nederland wonende Oekraïners over de situatie in Oekraïne.
",04-03-2022
454,JBZ-raad,"
  Internationale bijeenkomst ", Franc Weerwind,"Minister Weerwind was aanwezig bij de JBZ-Raad.
",04-03-2022
455,"Werkbezoek aan opvanglocaties in Amsterdam, Ede en Zaanstad","
  Werkbezoek ", Eric van der Burg,"Staatssecretaris Van der Burg heeft een werkbezoek gebracht aan verschillende opvanglocaties voor vluchtelingen uit Oekraïne.
",04-03-2022
456,Extra Raad Buitenlandse Zaken,"
  Internationale bijeenkomst ", Wopke Hoekstra,"Minister Hoekstra neemt deel aan de extra Raad Buitenlandse Zaken over Oekraïne.
",04-03-2022
457,NAVO Ministeriële bijeenkomst,"
  Internationale bijeenkomst ", Wopke Hoekstra,"Minister Hoekstra neemt deel aan de NAVO ministeriële bijeenkomst over Oekraïne.
",04-03-2022
458,Gesprek met Moldavische minister van Buitenlandse Zaken Popescu,"
  Gesprek ", Wopke Hoekstra,NA,03-03-2022
459,Ondertekening startbeslissing N35 Wijthmen – Nijverdal,"
  Werkbezoek ", Mark Harbers,NA,03-03-2022
460,Werkbezoek aan C-Job Naval Architects,"
  Werkbezoek ", Micky Adriaansens,NA,03-03-2022
461,Onderraden en ministeriële overleggen,"
  Ministerraad, onderraad, ministerieel overleg "," Mark Rutte, Hugo de Jonge, Kajsa Ollongren, Wopke Hoekstra, Hanke Bruins Slot, Robbert Dijkgraaf, Mark Harbers",NA,03-03-2022
462,JBZ-raad,"
  Internationale bijeenkomst ", Eric van der Burg,"Staatssecretaris Van der Burg was aanwezig bij de JBZ-Raad.
",03-03-2022
463,Gesprek met president van Oekraïne,"
  Gesprek ", Mark Rutte,NA,02-03-2022
464,Bezoek aan de NPO en omroepen,"
  Werkbezoek ", Gunay Uslu,"Staatssecretaris Uslu maakt op locatie kennis met de directie van de Nationale Opera en Ballet.
",02-03-2022
465,Informele Landbouwraad,"
  Internationale bijeenkomst ", Henk Staghouwer,NA,02-03-2022
466,Nationale gebedsviering voor Oekraïne,"
  Evenement ", Wopke Hoekstra,"Minister Hoekstra neemt deel aan de nationale gebedsviering voor Oekraïne in de Domkerk in Utrecht.
",02-03-2022
467,Onderraden en ministeriële overleggen,"
  Ministerraad, onderraad, ministerieel overleg "," Mark Rutte, Kajsa Ollongren, Wopke Hoekstra, Mark Harbers",NA,01-03-2022
468,Gesprek over opvang Oekraïne,"
  Gesprek ", Hugo de Jonge,"Minister De Jonge neemt deel aan het gesprek over opvang Oekraïne met de VNG en de Veiligheidsregio’s.
",01-03-2022
469,Gesprek met International Energy Agency,"
  Gesprek ", Rob Jetten,NA,01-03-2022
470,Mensenrechtenraad,"
  Internationale bijeenkomst ", Wopke Hoekstra,"Minister Hoekstra neemt deel aan de Mensenrechtenraad.
",01-03-2022
471,"Gesprek met Engelse staatssecretaris voor Bedrijfsleven, Energie en Industriële Strategie","
  Gesprek ", Rob Jetten,NA,01-03-2022
472,Werkbezoek Militair Geneeskundig Logistiek Centrum,"
  Werkbezoek ", Kajsa Ollongren,NA,01-03-2022
473,Gesprek met president van Turkije,"
  Gesprek ", Mark Rutte,NA,01-03-2022
474,Gesprekken minister Adriaansens,"
  Gesprek ", Micky Adriaansens,"Minister Adriaansens heeft een gesprek met de ceo van Philips; de ceo van ING.
",01-03-2022
475,Bezoek aan de Nationale Opera en Ballet,"
  Werkbezoek ", Gunay Uslu,"Staatssecretaris Uslu maakt op locatie kennis met de directie van de Nationale Opera en Ballet.
",28-02-2022
476,Gesprek over macrodoelmatigheid in het mbo,"
  Gesprek ", Robbert Dijkgraaf,"Minister Dijkgraaf spreekt de heer Asscher over macrodoelmatigheid in het mbo.
",28-02-2022
477,Debat over de situatie in Oekraïne,"
  Kamervergadering "," Mark Rutte, Kajsa Ollongren, Wopke Hoekstra",NA,28-02-2022
478,Gesprek met president van Polen,"
  Gesprek ", Mark Rutte,NA,28-02-2022
479,"Gesprek met voorzitters VNO-NCW, MKB Nederland en LTO Nederland","
  Gesprek "," Micky Adriaansens, Henk Staghouwer, Liesje Schreinemacher","Gesprek over de situatie Oekraïne-Rusland.
",28-02-2022
480,Extra Energieraad,"
  Internationale bijeenkomst ", Rob Jetten,NA,28-02-2022
481,Diverse gesprekken minister-president Rutte,"
  Gesprek ", Mark Rutte,"Minister-president Rutte heeft gesprekken met: premier Heger van Slowakije president Johannis van Roemenië premier Kariņš van ...
",27-02-2022
482,Diverse gesprekken minister-president Rutte,"
  Gesprek ", Mark Rutte,"Minister-president Rutte heeft gesprekken met: Eerste Minister De Croo van België premier Johnson van het Verenigd Koninkrijk ...
",26-02-2022
483,Bestuurlijk overleg over Actieagenda Wonen,"
  Bestuurlijk overleg ", Hugo de Jonge,"Minister De Jonge heeft een bestuurlijk overleg Aedes, Neprom, VNG en Inter Provinciaal Overleg (IPO).
",25-02-2022
484,Gesprek over Westerscheldetunnel,"
  Gesprek ", Mark Harbers,"Minister Harbers spreekt de Zeeuwse gedeputeerde Van der Maas over de Westerscheldetunnel.
",25-02-2022
485,Virtuele bijeenkomst NAVO-regeringsleiders,"
  Internationale bijeenkomst ", Mark Rutte,"Minister-president Rutte neemt deel aan de virtuele bijeenkomst van NAVO-regeringsleiders over de situatie in Oekraïne.
",25-02-2022
486,Gesprek met Eurocommissaris voor Mededinging,"
  Gesprek ", Rob Jetten,NA,25-02-2022
487,Informele Ecofinraad,"
  Internationale bijeenkomst ", Sigrid Kaag,"Minister Kaag vertegenwoordigt Nederland bij de bijeenkomst van de ministers van Financiën van de 27 EU-lidstaten
",25-02-2022
488,Ministerraad,"
  Ministerraad, onderraad, ministerieel overleg "," Mark Rutte, Sigrid Kaag, Wopke Hoekstra, Carola Schouten, Dilan Yeşilgöz-Zegerius, Hanke Bruins Slot, Robbert Dijkgraaf, Kajsa Ollongren, Mark Harbers, Micky Adriaansens, Henk Staghouwer, Karien van Gennip, Ernst Kuipers, Liesje Schreinemacher, Franc Weerwind, Hugo de Jonge, Dennis Wiersma, Rob Jetten, Christianne van der Wal-Zeggelink, Conny Helder, Alexandra van Huffelen, Gunay Uslu, Christophe van der Maat, Hans Vijlbrief","Minister-president Rutte heeft na de ministerraad een persconferentie gegeven. Over de Russische invasie van Oekraïne en de ...
",25-02-2022
489,Rijksministerraad,"
  Ministerraad, onderraad, ministerieel overleg "," Mark Rutte, Sigrid Kaag, Wopke Hoekstra, Carola Schouten, Dilan Yeşilgöz-Zegerius, Hanke Bruins Slot, Robbert Dijkgraaf, Kajsa Ollongren, Mark Harbers, Micky Adriaansens, Henk Staghouwer, Karien van Gennip, Ernst Kuipers, Liesje Schreinemacher, Franc Weerwind, Hugo de Jonge, Dennis Wiersma, Rob Jetten, Christianne van der Wal-Zeggelink, Conny Helder, Alexandra van Huffelen, Gunay Uslu, Hans Vijlbrief, Maarten van Ooijen",NA,25-02-2022
490,Herdenking Februaristaking,"
  Evenement ", Maarten van Ooijen,NA,25-02-2022
491,Ontvangst van uitvoerend vicevoorzitter van de Europese Commissie Timmermans,"
  Ontvangst ", Mark Rutte,NA,25-02-2022
492,Gesprek met Belgische staatssecretaris voor Digitalisering,"
  Gesprek ", Alexandra van Huffelen,NA,25-02-2022
493,Bestuurlijk overleg Limburg,"
  Bestuurlijk overleg ", Micky Adriaansens,NA,25-02-2022
494,Gesprek met Eurocommissaris voor Mededinging,"
  Gesprek ", Micky Adriaansens,NA,24-02-2022
495,Werkbezoek aan gedupeerden van aardbevingen,"
  Werkbezoek ", Hans Vijlbrief,NA,24-02-2022
496,Kennismakingsgesprek met Platform 31,"
  Gesprek ", Hugo de Jonge,NA,24-02-2022
497,Gesprek met voorzitter en griffier van de Tweede Kamer,"
  Gesprek ", Mark Rutte,"Mnister-president Rutte en minister Bruins Slot (BZK) spreken met mw. Bergkamp, voorzitter en mw. Roos, griffier van de Tweede ...
",24-02-2022
498,"Ontvangst van de ambassadeur van Zweden in Nederland, dhr. Oljelund en dhr. Wallenberg","
  Ontvangst ", Mark Rutte,NA,24-02-2022
499,Gesprek met de heer Van Dorst (LVNL) over luchtvaart,"
  Gesprek ", Mark Harbers,NA,24-02-2022
500,Kennismaking met Vlaamse minister Peeters (Mobiliteit),"
  Gesprek ", Vivianne Heijnen,NA,24-02-2022